tape,in_sample,params,mode,mix,benign_per_min,push,p1,lp_pnl_usd,volume_usd,lp_pnl_bps,max_dd_usd,min_equity_usd,max_inv_usd,fills,zero_fills,partial_fills,refusals_total,refusals_benign,refusals_arb_slot_attempts,refusals_momentum,stale_8002,limit_rejects_benign,limit_rejects_momentum,benign_attempts,benign_fills,benign_fill_ratio,benign_quote_bps,benign_cost_bps,arb_pnl_usd,arb_round_trips,momentum_fills,spread_rev_usd,instant_markout_usd,reval_usd,wrapper_fees_usd,errors
SOL_calm,true,V1-deployed|arb40k,A,benign+arb+mom,2,outage,true,-26.68,585305.69,-0.46,30.59,-27.97,2648.80,2179,0,0,0,0,0,0,0,1468,1647,2869,1401,0.4655,60.00,10.00,9.18,1,776,0.00,-25.48,-1.21,585.31,""
SOL_calm,true,V1-deployed|arb40k,A,benign+arb+mom,2,outage,false,-26.68,585305.69,-0.46,30.59,-27.97,2648.80,2179,0,0,0,0,0,0,0,1468,1647,2869,1401,0.4655,60.00,10.00,9.18,1,776,0.00,-25.48,-1.21,585.31,""
SOL_calm,true,V1-deployed|arb40k,B,benign+arb+mom,2,outage,true,18312.10,1396051.96,131.17,27.05,0.00,40175.07,5165,127,56,0,0,0,0,0,0,0,2869,2821,0.9795,131.29,141.29,0.00,0,2344,18197.62,-5.40,119.87,1396.05,""
SOL_calm,true,V1-deployed|arb40k,B,benign+arb+mom,2,outage,false,18312.10,1396051.96,131.17,27.05,0.00,40175.07,5165,127,56,0,0,0,0,0,0,0,2869,2821,0.9795,131.29,141.29,0.00,0,2344,18197.62,-5.40,119.87,1396.05,""
SOL_calm,true,V1-kind1|arb40k,A,benign+arb+mom,2,outage,true,-26.68,585305.69,-0.46,30.59,-27.97,2648.80,2179,0,0,0,0,0,0,0,1468,1647,2869,1401,0.4655,60.23,10.00,9.18,1,776,0.00,-25.48,-1.21,585.31,""
SOL_calm,true,V1-kind1|arb40k,A,benign+arb+mom,2,outage,false,-26.68,585305.69,-0.46,30.59,-27.97,2648.80,2179,0,0,0,0,0,0,0,1468,1647,2869,1401,0.4655,60.23,10.00,9.18,1,776,0.00,-25.48,-1.21,585.31,""
SOL_calm,true,V1-kind1|arb40k,B,benign+arb+mom,2,outage,true,18321.26,1396054.44,131.24,27.05,0.00,40175.07,5165,127,56,0,0,0,0,0,0,0,2869,2821,0.9795,131.42,141.42,0.00,0,2344,18206.78,-5.40,119.87,1396.05,""
SOL_calm,true,V1-kind1|arb40k,B,benign+arb+mom,2,outage,false,18321.26,1396054.44,131.24,27.05,0.00,40175.07,5165,127,56,0,0,0,0,0,0,0,2869,2821,0.9795,131.42,141.42,0.00,0,2344,18206.78,-5.40,119.87,1396.05,""
SOL_calm,true,V2-default|arb40k,A,benign+arb+mom,2,outage,true,-13.81,1150140.47,-0.12,71.75,-32.95,16243.96,4879,0,1,101,11,72,18,101,261,123,2869,2597,0.6517,63.63,10.00,0.00,0,2282,0.00,1.16,-14.97,1150.14,"Benign:Custom(8002)=11;Arb:Custom(8002)=72;Momentum:Custom(8002)=18"
SOL_calm,true,V2-default|arb40k,A,benign+arb+mom,2,outage,false,-38.93,1160374.75,-0.34,88.71,-49.91,16359.70,4898,0,1,0,0,0,0,0,265,131,2869,2604,0.6522,63.65,10.00,3.15,1,2292,0.00,-13.72,-25.20,1160.37,""
SOL_calm,true,V2-default|arb40k,B,benign+arb+mom,2,outage,true,12768.26,1391995.78,91.73,29.06,0.00,40175.07,5151,131,60,10,10,0,0,10,0,0,2869,2810,0.9749,109.42,119.42,0.00,0,2341,12664.42,-9.35,113.19,1392.00,"Benign:Custom(8002)=10"
SOL_calm,true,V2-default|arb40k,B,benign+arb+mom,2,outage,false,12796.54,1396591.25,91.63,29.06,0.00,40175.07,5169,123,59,0,0,0,0,0,0,0,2869,2822,0.9787,109.18,119.18,0.00,0,2347,12680.96,-5.44,121.03,1396.59,""
SOL_calm,true,V2-tuned-B|arb40k,A,benign+arb+mom,2,outage,true,-5.91,1376433.06,-0.04,166.12,-102.07,28193.79,5024,0,0,10,10,0,0,10,98,162,2869,2761,0.9493,49.73,10.00,9.18,1,2261,0.00,-34.49,28.58,1376.43,"Benign:Custom(8002)=10"
SOL_calm,true,V2-tuned-B|arb40k,A,benign+arb+mom,2,outage,false,4.01,1381244.79,0.03,166.12,-102.07,28256.13,5042,0,0,0,0,0,0,0,93,159,2869,2776,0.9548,49.60,10.00,9.18,1,2264,0.00,-30.58,34.59,1381.24,""
SOL_calm,true,V2-tuned-B|arb40k,B,benign+arb+mom,2,outage,true,7893.02,1392916.12,56.67,30.79,0.00,40175.07,5147,135,57,10,10,0,0,10,0,0,2869,2808,0.9770,57.44,67.44,0.00,0,2339,7789.98,-9.33,112.37,1392.92,"Benign:Custom(8002)=10"
SOL_calm,true,V2-tuned-B|arb40k,B,benign+arb+mom,2,outage,false,7885.56,1397581.09,56.42,28.86,0.00,40175.07,5165,127,56,0,0,0,0,0,0,0,2869,2821,0.9809,57.10,67.10,0.00,0,2344,7771.08,-5.40,119.87,1397.58,""
SOL_calm,true,V2-tuned-A|arb40k,A,benign+arb+mom,2,outage,true,-12.89,1234830.93,-0.10,49.33,-18.14,9222.81,5265,4,866,95,14,72,9,95,0,0,2869,2853,0.8346,60.20,10.00,0.00,0,2412,0.00,-2.45,-10.44,1234.83,"Benign:Custom(8002)=14;Arb:Custom(8002)=72;Momentum:Custom(8002)=9"
SOL_calm,true,V2-tuned-A|arb40k,A,benign+arb+mom,2,outage,false,-19.43,1242044.49,-0.16,55.87,-24.69,9222.92,5291,4,872,0,0,0,0,0,0,0,2869,2867,0.8379,60.19,10.00,1.11,1,2421,0.00,-8.57,-10.86,1242.04,""
SOL_calm,true,V2-tuned-A|arb40k,B,benign+arb+mom,2,outage,true,7121.75,1234702.72,57.68,4.19,0.00,9222.81,5265,4,866,95,14,72,9,95,0,0,2869,2853,0.8344,60.19,70.19,0.00,0,2412,7134.64,-2.45,-10.44,1234.70,"Benign:Custom(8002)=14;Arb:Custom(8002)=72;Momentum:Custom(8002)=9"
SOL_calm,true,V2-tuned-A|arb40k,B,benign+arb+mom,2,outage,false,7147.47,1239507.76,57.66,4.19,0.00,9222.92,5288,4,870,0,0,0,0,0,0,0,2869,2867,0.8377,60.18,70.18,0.00,0,2421,7163.37,-5.53,-10.38,1239.51,""
SOL_calm,true,V1-deployed+guard|arb40k,A,benign+arb+mom,2,outage,true,3.40,561147.36,0.06,2.89,-0.27,2648.80,2163,0,1,103,13,72,18,103,1466,1632,2869,1390,0.4609,60.00,10.00,0.00,0,773,0.00,0.28,3.12,561.15,"Benign:Custom(8002)=13;Arb:Custom(8002)=72;Momentum:Custom(8002)=18"
SOL_calm,true,V1-deployed+guard|arb40k,A,benign+arb+mom,2,outage,false,-26.68,585305.69,-0.46,30.59,-27.97,2648.80,2179,0,0,0,0,0,0,0,1468,1647,2869,1401,0.4655,60.00,10.00,9.18,1,776,0.00,-25.48,-1.21,585.31,""
SOL_calm,true,V1-deployed+guard|arb40k,B,benign+arb+mom,2,outage,true,18244.90,1391315.65,131.13,27.05,0.00,40175.07,5147,135,57,10,10,0,0,10,0,0,2869,2808,0.9757,131.12,141.12,0.00,0,2339,18141.86,-9.33,112.37,1391.32,"Benign:Custom(8002)=10"
SOL_calm,true,V1-deployed+guard|arb40k,B,benign+arb+mom,2,outage,false,18312.10,1396051.96,131.17,27.05,0.00,40175.07,5165,127,56,0,0,0,0,0,0,0,2869,2821,0.9795,131.29,141.29,0.00,0,2344,18197.62,-5.40,119.87,1396.05,""
SOL_volatile,true,V1-deployed|arb40k,A,benign+arb+mom,2,outage,true,203.61,980132.49,2.08,423.74,-417.95,10362.00,2372,0,0,0,0,0,0,0,1425,1896,2832,1407,0.4950,60.05,10.00,-806.62,18,929,0.00,-883.30,1086.91,980.13,""
SOL_volatile,true,V1-deployed|arb40k,A,benign+arb+mom,2,outage,false,203.61,980132.49,2.08,423.74,-417.95,10362.00,2372,0,0,0,0,0,0,0,1425,1896,2832,1407,0.4950,60.05,10.00,-806.62,18,929,0.00,-883.30,1086.91,980.13,""
SOL_volatile,true,V1-deployed|arb40k,B,benign+arb+mom,2,outage,true,20108.54,1555228.00,129.30,1952.79,0.00,43432.92,5635,24,22,0,0,0,0,0,0,0,2832,2822,1.0030,131.56,141.56,948.76,1,2811,20197.79,-394.96,305.71,1555.23,""
SOL_volatile,true,V1-deployed|arb40k,B,benign+arb+mom,2,outage,false,20108.54,1555228.00,129.30,1952.79,0.00,43432.92,5635,24,22,0,0,0,0,0,0,0,2832,2822,1.0030,131.56,141.56,948.76,1,2811,20197.79,-394.96,305.71,1555.23,""
SOL_volatile,true,V1-kind1|arb40k,A,benign+arb+mom,2,outage,true,203.61,980132.49,2.08,423.74,-417.95,10362.00,2372,0,0,0,0,0,0,0,1425,1896,2832,1407,0.4950,60.26,10.00,-806.62,18,929,0.00,-883.30,1086.91,980.13,""
SOL_volatile,true,V1-kind1|arb40k,A,benign+arb+mom,2,outage,false,203.61,980132.49,2.08,423.74,-417.95,10362.00,2372,0,0,0,0,0,0,0,1425,1896,2832,1407,0.4950,60.26,10.00,-806.62,18,929,0.00,-883.30,1086.91,980.13,""
SOL_volatile,true,V1-kind1|arb40k,B,benign+arb+mom,2,outage,true,20128.71,1555208.67,129.43,1952.61,0.00,43432.92,5635,24,22,0,0,0,0,0,0,0,2832,2822,1.0030,131.70,141.70,938.17,1,2811,20217.96,-401.36,312.11,1555.21,""
SOL_volatile,true,V1-kind1|arb40k,B,benign+arb+mom,2,outage,false,20128.71,1555208.67,129.43,1952.61,0.00,43432.92,5635,24,22,0,0,0,0,0,0,0,2832,2822,1.0030,131.70,141.70,938.17,1,2811,20217.96,-401.36,312.11,1555.21,""
SOL_volatile,true,V2-default|arb40k,A,benign+arb+mom,2,outage,true,-395.74,1091409.70,-3.63,939.09,-849.04,14976.74,4175,0,34,19,10,0,9,19,797,717,2832,2025,0.5129,66.18,10.00,-262.97,18,2099,0.00,-277.79,-117.95,1091.41,"Benign:Custom(8002)=10;Momentum:Custom(8002)=9"
SOL_volatile,true,V2-default|arb40k,A,benign+arb+mom,2,outage,false,-440.96,366502.45,-12.03,939.09,-849.04,14976.74,1112,0,24,0,0,0,0,0,2292,2295,2832,540,0.1385,67.09,10.00,-259.03,18,530,0.00,-333.78,-107.18,366.50,""
SOL_volatile,true,V2-default|arb40k,B,benign+arb+mom,2,outage,true,15223.30,1535063.03,99.17,1992.00,0.00,43432.92,5625,18,20,405,9,388,8,405,0,0,2832,2815,0.9970,111.93,121.93,148.15,1,2807,14712.85,-366.84,877.29,1535.06,"Benign:Custom(8002)=9;Arb:Custom(8002)=388;Momentum:Custom(8002)=8"
SOL_volatile,true,V2-default|arb40k,B,benign+arb+mom,2,outage,false,15582.56,1535745.13,101.47,1992.00,0.00,43432.92,5633,27,28,0,0,0,0,0,0,0,2832,2819,0.9972,113.13,123.13,152.26,1,2811,14867.78,-370.90,1085.68,1535.75,""
SOL_volatile,true,V2-tuned-B|arb40k,A,benign+arb+mom,2,outage,true,-315.94,653570.86,-4.83,1737.68,-1633.74,26831.16,1133,0,0,17,9,0,8,17,2271,2272,2832,552,0.1869,50.32,10.00,-806.62,18,545,0.00,-884.02,568.08,653.57,"Benign:Custom(8002)=9;Momentum:Custom(8002)=8"
SOL_volatile,true,V2-tuned-B|arb40k,A,benign+arb+mom,2,outage,false,-89.96,657589.52,-1.37,1737.68,-1633.74,26831.16,1150,0,0,0,0,0,0,0,2271,2272,2832,561,0.1892,50.84,10.00,-806.62,18,553,0.00,-887.26,797.30,657.59,""
SOL_volatile,true,V2-tuned-B|arb40k,B,benign+arb+mom,2,outage,true,10204.90,1549467.04,65.86,2058.42,-835.50,43432.92,5627,15,10,405,9,388,8,405,0,0,2832,2816,0.9992,68.40,78.40,1075.38,1,2809,10498.49,-581.53,287.95,1549.47,"Benign:Custom(8002)=9;Arb:Custom(8002)=388;Momentum:Custom(8002)=8"
SOL_volatile,true,V2-tuned-B|arb40k,B,benign+arb+mom,2,outage,false,10726.57,1549990.31,69.20,2058.42,-835.50,43432.92,5635,24,22,0,0,0,0,0,0,0,2832,2822,0.9998,70.57,80.57,1068.80,1,2811,10815.81,-265.90,176.66,1549.99,""
SOL_volatile,true,V2-tuned-A|arb40k,A,benign+arb+mom,2,outage,true,55.17,1388191.44,0.40,491.37,-389.80,8744.83,5631,1303,662,20,10,0,10,20,0,0,2832,2798,0.8767,64.33,10.00,-46.20,6,2789,0.00,-17.10,72.27,1388.19,"Benign:Custom(8002)=10;Momentum:Custom(8002)=10"
SOL_volatile,true,V2-tuned-A|arb40k,A,benign+arb+mom,2,outage,false,-171.40,1393428.39,-1.23,775.00,-673.43,8744.55,5675,1615,707,0,0,0,0,0,0,0,2832,2802,0.8749,64.21,10.00,-30.89,8,2797,0.00,-111.61,-59.79,1393.43,""
SOL_volatile,true,V2-tuned-A|arb40k,B,benign+arb+mom,2,outage,true,8505.12,1373895.15,61.91,225.54,0.00,8744.56,5558,79,620,665,10,645,10,665,0,0,2832,2782,0.8725,64.26,74.26,0.00,0,2776,8489.10,-2.97,18.98,1373.90,"Benign:Custom(8002)=10;Arb:Custom(8002)=645;Momentum:Custom(8002)=10"
SOL_volatile,true,V2-tuned-A|arb40k,B,benign+arb+mom,2,outage,false,8259.18,1376970.82,59.98,496.85,0.00,8744.82,5583,76,635,0,0,0,0,0,0,0,2832,2793,0.8718,64.17,74.17,65.00,1,2788,8516.86,-100.07,-157.62,1376.97,""
SOL_volatile,true,V1-deployed+guard|arb40k,A,benign+arb+mom,2,outage,true,203.61,980132.49,2.08,423.74,-417.95,10362.00,2372,0,0,17,9,0,8,17,1416,1888,2832,1407,0.4950,60.05,10.00,-806.62,18,929,0.00,-883.30,1086.91,980.13,"Benign:Custom(8002)=9;Momentum:Custom(8002)=8"
SOL_volatile,true,V1-deployed+guard|arb40k,A,benign+arb+mom,2,outage,false,203.61,980132.49,2.08,423.74,-417.95,10362.00,2372,0,0,0,0,0,0,0,1425,1896,2832,1407,0.4950,60.05,10.00,-806.62,18,929,0.00,-883.30,1086.91,980.13,""
SOL_volatile,true,V1-deployed+guard|arb40k,B,benign+arb+mom,2,outage,true,19900.12,1555019.57,127.97,1952.79,0.00,43432.92,5627,15,10,405,9,388,8,405,0,0,2832,2816,1.0026,131.53,141.53,948.76,1,2809,20193.70,-391.68,98.10,1555.02,"Benign:Custom(8002)=9;Arb:Custom(8002)=388;Momentum:Custom(8002)=8"
SOL_volatile,true,V1-deployed+guard|arb40k,B,benign+arb+mom,2,outage,false,20108.54,1555228.00,129.30,1952.79,0.00,43432.92,5635,24,22,0,0,0,0,0,0,0,2832,2822,1.0030,131.56,141.56,948.76,1,2811,20197.79,-394.96,305.71,1555.23,""
JUP_calm,true,V1-deployed|arb40k,A,benign+arb+mom,2,outage,true,-98.34,576326.53,-1.71,101.82,-101.06,10020.57,2088,0,0,0,0,0,0,0,1461,1489,2914,1453,0.5124,60.03,10.00,87.55,1,633,0.00,-25.31,-73.03,576.33,""
JUP_calm,true,V1-deployed|arb40k,A,benign+arb+mom,2,outage,false,-98.34,576326.53,-1.71,101.82,-101.06,10020.57,2088,0,0,0,0,0,0,0,1461,1489,2914,1453,0.5124,60.03,10.00,87.55,1,633,0.00,-25.31,-73.03,576.33,""
JUP_calm,true,V1-deployed|arb40k,B,benign+arb+mom,2,outage,true,17662.10,1343053.80,131.51,52.05,0.00,40047.85,5024,12,14,0,0,0,0,0,0,0,2914,2912,0.9963,127.17,137.17,0.00,0,2112,17409.64,-22.98,275.43,1343.05,""
JUP_calm,true,V1-deployed|arb40k,B,benign+arb+mom,2,outage,false,17662.10,1343053.80,131.51,52.05,0.00,40047.85,5024,12,14,0,0,0,0,0,0,0,2914,2912,0.9963,127.17,137.17,0.00,0,2112,17409.64,-22.98,275.43,1343.05,""
JUP_calm,true,V1-kind1|arb40k,A,benign+arb+mom,2,outage,true,-98.34,576326.53,-1.71,101.82,-101.06,10020.57,2088,0,0,0,0,0,0,0,1461,1489,2914,1453,0.5124,60.28,10.00,87.55,1,633,0.00,-25.31,-73.03,576.33,""
JUP_calm,true,V1-kind1|arb40k,A,benign+arb+mom,2,outage,false,-98.34,576326.53,-1.71,101.82,-101.06,10020.57,2088,0,0,0,0,0,0,0,1461,1489,2914,1453,0.5124,60.28,10.00,87.55,1,633,0.00,-25.31,-73.03,576.33,""
JUP_calm,true,V1-kind1|arb40k,B,benign+arb+mom,2,outage,true,17673.45,1343058.59,131.59,52.05,0.00,40047.85,5024,12,14,0,0,0,0,0,0,0,2914,2912,0.9963,127.33,137.33,0.00,0,2112,17420.99,-22.98,275.43,1343.06,""
JUP_calm,true,V1-kind1|arb40k,B,benign+arb+mom,2,outage,false,17673.45,1343058.59,131.59,52.05,0.00,40047.85,5024,12,14,0,0,0,0,0,0,0,2914,2912,0.9963,127.33,137.33,0.00,0,2112,17420.99,-22.98,275.43,1343.06,""
JUP_calm,true,V2-default|arb40k,A,benign+arb+mom,2,outage,true,189.32,1092009.86,1.73,141.18,-0.76,16135.60,4709,0,1,820,19,783,18,820,234,56,2914,2661,0.6681,63.75,10.00,0.00,0,2048,0.00,-0.40,189.72,1092.01,"Benign:Custom(8002)=19;Arb:Custom(8002)=783;Momentum:Custom(8002)=18"
JUP_calm,true,V2-default|arb40k,A,benign+arb+mom,2,outage,false,85.64,1106007.23,0.77,141.35,-97.56,16308.26,4742,0,1,0,0,0,0,0,240,56,2914,2674,0.6704,63.71,10.00,30.26,1,2066,0.00,-41.42,127.06,1106.01,""
JUP_calm,true,V2-default|arb40k,B,benign+arb+mom,2,outage,true,11955.99,1324664.95,90.26,95.24,0.00,40167.46,4958,36,20,825,24,783,18,825,0,0,2914,2877,0.9843,101.80,111.80,0.00,0,2081,11694.35,-0.93,262.57,1324.66,"Benign:Custom(8002)=24;Arb:Custom(8002)=783;Momentum:Custom(8002)=18"
JUP_calm,true,V2-default|arb40k,B,benign+arb+mom,2,outage,false,11962.58,1342532.28,89.10,71.31,0.00,40047.85,5022,14,15,0,0,0,0,0,0,0,2914,2912,0.9962,100.90,110.90,0.00,0,2110,11715.21,-22.98,270.35,1342.53,""
JUP_calm,true,V2-tuned-B|arb40k,A,benign+arb+mom,2,outage,true,239.75,1316535.57,1.82,262.89,-0.76,28153.33,4912,0,1,825,24,783,18,825,33,49,2914,2857,0.9792,45.71,10.00,0.00,0,2055,0.00,-0.93,240.68,1316.54,"Benign:Custom(8002)=24;Arb:Custom(8002)=783;Momentum:Custom(8002)=18"
JUP_calm,true,V2-tuned-B|arb40k,A,benign+arb+mom,2,outage,false,100.91,1353585.43,0.75,255.97,-138.71,28161.01,4967,0,0,0,0,0,0,0,27,44,2914,2887,0.9932,44.75,10.00,87.55,1,2078,0.00,-58.86,159.77,1353.59,""
JUP_calm,true,V2-tuned-B|arb40k,B,benign+arb+mom,2,outage,true,6988.32,1326777.13,52.67,118.26,0.00,40143.54,4960,34,19,825,24,783,18,825,0,0,2914,2877,0.9857,50.33,60.33,0.00,0,2083,6724.50,-0.93,264.75,1326.78,"Benign:Custom(8002)=24;Arb:Custom(8002)=783;Momentum:Custom(8002)=18"
JUP_calm,true,V2-tuned-B|arb40k,B,benign+arb+mom,2,outage,false,6816.29,1344348.70,50.70,75.54,0.00,40047.85,5024,12,14,0,0,0,0,0,0,0,2914,2912,0.9974,48.42,58.42,0.00,0,2112,6563.84,-22.98,275.43,1344.35,""
JUP_calm,true,V2-tuned-A|arb40k,A,benign+arb+mom,2,outage,true,174.54,1231413.34,1.42,65.08,-0.76,9033.12,5000,0,472,819,18,783,18,819,0,0,2914,2896,0.8903,61.13,10.00,0.00,0,2104,0.00,-0.10,174.64,1231.41,"Benign:Custom(8002)=18;Arb:Custom(8002)=783;Momentum:Custom(8002)=18"
JUP_calm,true,V2-tuned-A|arb40k,A,benign+arb+mom,2,outage,false,112.40,1242462.05,0.90,70.45,-55.65,9033.43,5038,0,489,0,0,0,0,0,0,0,2914,2914,0.8982,61.30,10.00,6.60,1,2122,0.00,-26.39,138.79,1242.46,""
JUP_calm,true,V2-tuned-A|arb40k,B,benign+arb+mom,2,outage,true,7432.30,1230872.45,60.38,19.97,0.00,9033.12,5000,0,472,819,18,783,18,819,0,0,2914,2896,0.8899,61.11,71.11,0.00,0,2104,7257.77,-0.10,174.64,1230.87,"Benign:Custom(8002)=18;Arb:Custom(8002)=783;Momentum:Custom(8002)=18"
JUP_calm,true,V2-tuned-A|arb40k,B,benign+arb+mom,2,outage,false,7478.32,1240592.75,60.28,19.92,0.00,9033.43,5036,0,488,0,0,0,0,0,0,0,2914,2914,0.8979,61.29,71.29,0.00,0,2122,7357.80,-23.69,144.20,1240.59,""
JUP_calm,true,V1-deployed+guard|arb40k,A,benign+arb+mom,2,outage,true,-6.12,553052.92,-0.11,11.45,-10.67,2227.42,2068,0,1,825,25,783,17,825,1452,1474,2914,1437,0.5092,60.03,10.00,0.00,0,631,0.00,-0.82,-5.30,553.05,"Benign:Custom(8002)=25;Arb:Custom(8002)=783;Momentum:Custom(8002)=17"
JUP_calm,true,V1-deployed+guard|arb40k,A,benign+arb+mom,2,outage,false,-98.34,576326.53,-1.71,101.82,-101.06,10020.57,2088,0,0,0,0,0,0,0,1461,1489,2914,1453,0.5124,60.03,10.00,87.55,1,633,0.00,-25.31,-73.03,576.33,""
JUP_calm,true,V1-deployed+guard|arb40k,B,benign+arb+mom,2,outage,true,17430.39,1322882.63,131.76,81.75,0.00,40143.54,4960,34,19,825,24,783,18,825,0,0,2914,2877,0.9827,127.67,137.67,0.00,0,2083,17166.57,-0.93,264.75,1322.88,"Benign:Custom(8002)=24;Arb:Custom(8002)=783;Momentum:Custom(8002)=18"
JUP_calm,true,V1-deployed+guard|arb40k,B,benign+arb+mom,2,outage,false,17662.10,1343053.80,131.51,52.05,0.00,40047.85,5024,12,14,0,0,0,0,0,0,0,2914,2912,0.9963,127.17,137.17,0.00,0,2112,17409.64,-22.98,275.43,1343.05,""
JUP_volatile,true,V1-deployed|arb40k,A,benign+arb+mom,2,outage,true,-4233.51,3080786.46,-13.74,4233.51,-4233.51,12486.69,2517,0,0,0,0,0,0,0,1452,1841,2853,1401,0.4964,60.02,10.00,1929.20,104,908,0.00,-3816.39,-417.12,3080.79,""
JUP_volatile,true,V1-deployed|arb40k,A,benign+arb+mom,2,outage,false,-4233.51,3080786.46,-13.74,4233.51,-4233.51,12486.69,2517,0,0,0,0,0,0,0,1452,1841,2853,1401,0.4964,60.02,10.00,1929.20,104,908,0.00,-3816.39,-417.12,3080.79,""
JUP_volatile,true,V1-deployed|arb40k,B,benign+arb+mom,2,outage,true,11724.32,1481941.99,79.11,6101.47,-145.25,51163.64,5357,247,93,0,0,0,0,0,0,0,2853,2749,0.9633,128.23,138.23,250.46,1,2606,19404.56,-396.54,-7283.70,1481.94,""
JUP_volatile,true,V1-deployed|arb40k,B,benign+arb+mom,2,outage,false,11724.32,1481941.99,79.11,6101.47,-145.25,51163.64,5357,247,93,0,0,0,0,0,0,0,2853,2749,0.9633,128.23,138.23,250.46,1,2606,19404.56,-396.54,-7283.70,1481.94,""
JUP_volatile,true,V1-kind1|arb40k,A,benign+arb+mom,2,outage,true,-4233.51,3080786.46,-13.74,4233.51,-4233.51,12486.69,2517,0,0,0,0,0,0,0,1452,1841,2853,1401,0.4964,60.30,10.00,1929.20,104,908,0.00,-3816.39,-417.12,3080.79,""
JUP_volatile,true,V1-kind1|arb40k,A,benign+arb+mom,2,outage,false,-4233.51,3080786.46,-13.74,4233.51,-4233.51,12486.69,2517,0,0,0,0,0,0,0,1452,1841,2853,1401,0.4964,60.30,10.00,1929.20,104,908,0.00,-3816.39,-417.12,3080.79,""
JUP_volatile,true,V1-kind1|arb40k,B,benign+arb+mom,2,outage,true,11749.90,1481916.41,79.29,6100.86,-141.00,51163.64,5357,247,93,0,0,0,0,0,0,0,2853,2749,0.9633,128.39,138.39,235.34,1,2606,19430.14,-401.08,-7279.15,1481.92,""
JUP_volatile,true,V1-kind1|arb40k,B,benign+arb+mom,2,outage,false,11749.90,1481916.41,79.29,6100.86,-141.00,51163.64,5357,247,93,0,0,0,0,0,0,0,2853,2749,0.9633,128.39,138.39,235.34,1,2606,19430.14,-401.08,-7279.15,1481.92,""
JUP_volatile,true,V2-default|arb40k,A,benign+arb+mom,2,outage,true,-3174.15,1821495.03,-17.43,3274.63,-3274.63,17347.10,5159,0,151,16,10,0,6,16,338,343,2853,2505,0.5814,69.93,10.00,535.62,104,2400,0.00,-1196.54,-1977.60,1821.50,"Benign:Custom(8002)=10;Momentum:Custom(8002)=6"
JUP_volatile,true,V2-default|arb40k,A,benign+arb+mom,2,outage,false,-3296.76,1728781.93,-19.07,3395.89,-3395.89,17480.28,4834,0,147,0,0,0,0,0,496,523,2853,2357,0.5489,69.49,10.00,523.37,104,2226,0.00,-1204.76,-2092.00,1728.78,""
JUP_volatile,true,V2-default|arb40k,B,benign+arb+mom,2,outage,true,8276.68,1451906.24,57.01,6374.41,-2175.62,51163.64,5354,239,94,9,8,0,1,9,0,0,2853,2743,0.9546,121.63,131.63,0.00,0,2611,15421.60,-151.75,-6993.18,1451.91,"Benign:Custom(8002)=8;Momentum:Custom(8002)=1"
JUP_volatile,true,V2-default|arb40k,B,benign+arb+mom,2,outage,false,8463.09,1452220.17,58.28,6374.41,-2175.62,51163.64,5355,247,98,0,0,0,0,0,0,0,2853,2749,0.9582,122.38,132.38,0.00,0,2606,15501.48,-30.30,-7008.10,1452.22,""
JUP_volatile,true,V2-tuned-B|arb40k,A,benign+arb+mom,2,outage,true,-8260.21,3874582.56,-21.32,8424.85,-8424.85,30217.15,5412,0,1,25,12,0,13,25,155,218,2853,2686,0.9359,58.62,10.00,1929.20,104,2518,0.00,-3959.73,-4300.48,3874.58,"Benign:Custom(8002)=12;Momentum:Custom(8002)=13"
JUP_volatile,true,V2-tuned-B|arb40k,A,benign+arb+mom,2,outage,false,-8512.46,3763478.67,-22.62,8677.28,-8677.28,30688.15,4988,0,0,0,0,0,0,0,385,437,2853,2468,0.8660,58.33,10.00,1929.20,104,2312,0.00,-3970.94,-4541.52,3763.48,""
JUP_volatile,true,V2-tuned-B|arb40k,B,benign+arb+mom,2,outage,true,4634.39,1477113.69,31.37,6555.50,-3976.60,51163.64,5349,246,93,9,8,0,1,9,0,0,2853,2741,0.9605,80.75,90.75,118.32,1,2606,12397.86,-736.26,-7027.21,1477.11,"Benign:Custom(8002)=8;Momentum:Custom(8002)=1"
JUP_volatile,true,V2-tuned-B|arb40k,B,benign+arb+mom,2,outage,false,4821.80,1477291.95,32.64,6555.50,-3976.60,51163.64,5357,247,93,0,0,0,0,0,0,0,2853,2749,0.9606,81.17,91.17,103.68,1,2606,12502.03,-255.63,-7424.61,1477.29,""
JUP_volatile,true,V2-tuned-A|arb40k,A,benign+arb+mom,2,outage,true,-1118.38,1440428.78,-7.76,1436.25,-1436.25,10080.55,6048,697,1365,16,10,0,6,16,0,0,2853,2795,0.8349,70.32,10.00,105.13,97,2668,0.00,-295.66,-822.72,1440.43,"Benign:Custom(8002)=10;Momentum:Custom(8002)=6"
JUP_volatile,true,V2-tuned-A|arb40k,A,benign+arb+mom,2,outage,false,-1124.95,1436841.08,-7.83,1443.25,-1443.25,10079.96,6101,1302,1439,0,0,0,0,0,0,0,2853,2800,0.8347,70.31,10.00,99.64,97,2674,0.00,-294.47,-830.48,1436.84,""
JUP_volatile,true,V2-tuned-A|arb40k,B,benign+arb+mom,2,outage,true,8136.96,1311175.37,62.06,647.83,0.00,10076.26,5475,127,885,16,10,0,6,16,0,0,2853,2791,0.8337,70.20,80.20,29.68,1,2668,9071.21,-116.53,-817.72,1311.18,"Benign:Custom(8002)=10;Momentum:Custom(8002)=6"
JUP_volatile,true,V2-tuned-A|arb40k,B,benign+arb+mom,2,outage,false,8111.62,1308645.97,61.98,647.83,0.00,10077.70,5530,733,965,0,0,0,0,0,0,0,2853,2795,0.8334,70.18,80.18,23.82,1,2674,9046.58,-111.61,-823.35,1308.65,""
JUP_volatile,true,V1-deployed+guard|arb40k,A,benign+arb+mom,2,outage,true,-4233.51,3080786.46,-13.74,4233.51,-4233.51,12486.69,2517,0,0,24,7,0,17,24,1445,1824,2853,1401,0.4964,60.02,10.00,1929.20,104,908,0.00,-3816.39,-417.12,3080.79,"Benign:Custom(8002)=7;Momentum:Custom(8002)=17"
JUP_volatile,true,V1-deployed+guard|arb40k,A,benign+arb+mom,2,outage,false,-4233.51,3080786.46,-13.74,4233.51,-4233.51,12486.69,2517,0,0,0,0,0,0,0,1452,1841,2853,1401,0.4964,60.02,10.00,1929.20,104,908,0.00,-3816.39,-417.12,3080.79,""
JUP_volatile,true,V1-deployed+guard|arb40k,B,benign+arb+mom,2,outage,true,11639.42,1481857.09,78.55,6101.47,-145.25,51163.64,5349,246,93,9,8,0,1,9,0,0,2853,2741,0.9633,128.23,138.23,250.46,1,2606,19402.89,-518.08,-7245.39,1481.86,"Benign:Custom(8002)=8;Momentum:Custom(8002)=1"
JUP_volatile,true,V1-deployed+guard|arb40k,B,benign+arb+mom,2,outage,false,11724.32,1481941.99,79.11,6101.47,-145.25,51163.64,5357,247,93,0,0,0,0,0,0,0,2853,2749,0.9633,128.23,138.23,250.46,1,2606,19404.56,-396.54,-7283.70,1481.94,""
TRUMP_calm,false,V1-deployed|arb40k,A,benign+arb+mom,2,outage,true,-72.09,590024.32,-1.22,74.54,-74.02,3566.79,2117,0,0,0,0,0,0,0,1409,1553,2857,1448,0.5322,60.00,10.00,36.51,1,667,0.00,-45.80,-26.29,590.02,""
TRUMP_calm,false,V1-deployed|arb40k,A,benign+arb+mom,2,outage,false,-72.09,590024.32,-1.22,74.54,-74.02,3566.79,2117,0,0,0,0,0,0,0,1409,1553,2857,1448,0.5322,60.00,10.00,36.51,1,667,0.00,-45.80,-26.29,590.02,""
TRUMP_calm,false,V1-deployed|arb40k,B,benign+arb+mom,2,outage,true,17800.87,1341317.65,132.71,166.89,0.00,40553.46,5002,75,34,0,0,0,0,0,0,0,2857,2830,0.9918,132.11,142.11,0.00,0,2172,17494.79,-1.39,307.48,1341.32,""
TRUMP_calm,false,V1-deployed|arb40k,B,benign+arb+mom,2,outage,false,17800.87,1341317.65,132.71,166.89,0.00,40553.46,5002,75,34,0,0,0,0,0,0,0,2857,2830,0.9918,132.11,142.11,0.00,0,2172,17494.79,-1.39,307.48,1341.32,""
TRUMP_calm,false,V1-kind1|arb40k,A,benign+arb+mom,2,outage,true,-72.09,590024.32,-1.22,74.54,-74.02,3566.79,2117,0,0,0,0,0,0,0,1409,1553,2857,1448,0.5322,60.28,10.00,36.51,1,667,0.00,-45.80,-26.29,590.02,""
TRUMP_calm,false,V1-kind1|arb40k,A,benign+arb+mom,2,outage,false,-72.09,590024.32,-1.22,74.54,-74.02,3566.79,2117,0,0,0,0,0,0,0,1409,1553,2857,1448,0.5322,60.28,10.00,36.51,1,667,0.00,-45.80,-26.29,590.02,""
TRUMP_calm,false,V1-kind1|arb40k,B,benign+arb+mom,2,outage,true,17808.21,1341310.31,132.77,166.89,0.00,40553.46,5002,75,34,0,0,0,0,0,0,0,2857,2830,0.9918,132.22,142.22,0.00,0,2172,17502.12,-1.39,307.48,1341.31,""
TRUMP_calm,false,V1-kind1|arb40k,B,benign+arb+mom,2,outage,false,17808.21,1341310.31,132.77,166.89,0.00,40553.46,5002,75,34,0,0,0,0,0,0,0,2857,2830,0.9918,132.22,142.22,0.00,0,2172,17502.12,-1.39,307.48,1341.31,""
TRUMP_calm,false,V2-default|arb40k,A,benign+arb+mom,2,outage,true,277.72,1125268.70,2.47,74.19,-55.61,15242.17,4825,0,1,30,15,10,5,30,227,5,2857,2615,0.6655,64.21,10.00,0.00,0,2210,0.00,-2.28,280.00,1125.27,"Benign:Custom(8002)=15;Arb:Custom(8002)=10;Momentum:Custom(8002)=5"
TRUMP_calm,false,V2-default|arb40k,A,benign+arb+mom,2,outage,false,263.20,1135662.11,2.32,74.19,-55.61,15242.17,4844,0,2,0,0,0,0,0,231,5,2857,2626,0.6678,64.16,10.00,12.90,1,2215,0.00,-16.87,280.07,1135.66,""
TRUMP_calm,false,V2-default|arb40k,B,benign+arb+mom,2,outage,true,12730.04,1331085.56,95.64,184.10,0.00,40553.46,4990,69,31,18,14,0,4,18,0,0,2857,2817,0.9788,109.61,119.61,0.00,0,2173,12445.70,-3.75,288.09,1331.09,"Benign:Custom(8002)=14;Momentum:Custom(8002)=4"
TRUMP_calm,false,V2-default|arb40k,B,benign+arb+mom,2,outage,false,12969.76,1337150.05,97.00,184.10,0.00,40553.46,5008,69,31,0,0,0,0,0,0,0,2857,2831,0.9855,111.05,121.05,0.00,0,2177,12650.38,-1.39,320.77,1337.15,""
TRUMP_calm,false,V2-tuned-B|arb40k,A,benign+arb+mom,2,outage,true,158.95,1333262.74,1.19,326.42,-102.26,27563.20,4916,0,0,18,14,0,4,18,58,87,2857,2785,0.9705,52.59,10.00,36.51,1,2129,0.00,-47.37,206.32,1333.26,"Benign:Custom(8002)=14;Momentum:Custom(8002)=4"
TRUMP_calm,false,V2-tuned-B|arb40k,A,benign+arb+mom,2,outage,false,193.98,1338874.62,1.45,326.42,-102.26,27563.20,4934,0,0,0,0,0,0,0,58,87,2857,2799,0.9769,54.15,10.00,36.51,1,2133,0.00,-45.01,239.00,1338.87,""
TRUMP_calm,false,V2-tuned-B|arb40k,B,benign+arb+mom,2,outage,true,8509.50,1329874.54,63.99,187.15,0.00,40553.46,4984,75,34,18,14,0,4,18,0,0,2857,2816,0.9812,62.25,72.25,0.00,0,2168,8238.44,-3.75,274.80,1329.87,"Benign:Custom(8002)=14;Momentum:Custom(8002)=4"
TRUMP_calm,false,V2-tuned-B|arb40k,B,benign+arb+mom,2,outage,false,8844.28,1335786.58,66.21,187.15,0.00,40553.46,5002,75,34,0,0,0,0,0,0,0,2857,2830,0.9878,64.51,74.51,0.00,0,2172,8538.19,-1.39,307.48,1335.79,""
TRUMP_calm,false,V2-tuned-A|arb40k,A,benign+arb+mom,2,outage,true,165.78,1237160.40,1.34,59.14,-49.01,8786.56,5054,2,465,31,14,10,7,31,0,0,2857,2842,0.8743,61.51,10.00,0.00,0,2212,0.00,-1.98,167.77,1237.16,"Benign:Custom(8002)=14;Arb:Custom(8002)=10;Momentum:Custom(8002)=7"
TRUMP_calm,false,V2-tuned-A|arb40k,A,benign+arb+mom,2,outage,false,161.46,1246957.99,1.29,59.14,-49.01,8786.56,5078,2,464,0,0,0,0,0,0,0,2857,2856,0.8806,61.56,10.00,4.93,1,2219,0.00,-7.10,168.56,1246.96,""
TRUMP_calm,false,V2-tuned-A|arb40k,B,benign+arb+mom,2,outage,true,7639.01,1237984.30,61.71,27.84,0.00,8786.56,5054,2,465,31,14,10,7,31,0,0,2857,2842,0.8748,61.55,71.55,0.00,0,2212,7473.23,-1.98,167.77,1237.98,"Benign:Custom(8002)=14;Arb:Custom(8002)=10;Momentum:Custom(8002)=7"
TRUMP_calm,false,V2-tuned-A|arb40k,B,benign+arb+mom,2,outage,false,7685.89,1245127.40,61.73,27.84,0.00,8786.56,5075,2,462,0,0,0,0,0,0,0,2857,2856,0.8812,61.60,71.60,0.00,0,2219,7516.78,-1.15,170.26,1245.13,""
TRUMP_calm,false,V1-deployed+guard|arb40k,A,benign+arb+mom,2,outage,true,-17.77,566168.04,-0.31,20.21,-19.70,3566.79,2103,0,1,37,18,10,9,37,1399,1548,2857,1440,0.5289,60.00,10.00,0.00,0,663,0.00,-1.89,-15.88,566.17,"Benign:Custom(8002)=18;Arb:Custom(8002)=10;Momentum:Custom(8002)=9"
TRUMP_calm,false,V1-deployed+guard|arb40k,A,benign+arb+mom,2,outage,false,-72.09,590024.32,-1.22,74.54,-74.02,3566.79,2117,0,0,0,0,0,0,0,1409,1553,2857,1448,0.5322,60.00,10.00,36.51,1,667,0.00,-45.80,-26.29,590.02,""
TRUMP_calm,false,V1-deployed+guard|arb40k,B,benign+arb+mom,2,outage,true,17653.60,1335593.53,132.18,166.89,0.00,40553.46,4984,75,34,18,14,0,4,18,0,0,2857,2816,0.9853,131.66,141.66,0.00,0,2168,17382.55,-3.75,274.80,1335.59,"Benign:Custom(8002)=14;Momentum:Custom(8002)=4"
TRUMP_calm,false,V1-deployed+guard|arb40k,B,benign+arb+mom,2,outage,false,17800.87,1341317.65,132.71,166.89,0.00,40553.46,5002,75,34,0,0,0,0,0,0,0,2857,2830,0.9918,132.11,142.11,0.00,0,2172,17494.79,-1.39,307.48,1341.32,""
TRUMP_volatile,false,V1-deployed|arb40k,A,benign+arb+mom,2,outage,true,-71837.99,38315335.47,-18.75,71848.29,-71838.64,19074.73,4914,0,0,0,0,0,0,0,1455,1877,2903,1448,0.5080,60.00,10.00,33148.87,1265,936,0.00,-74786.69,2948.70,38315.34,""
TRUMP_volatile,false,V1-deployed|arb40k,A,benign+arb+mom,2,outage,false,-71837.99,38315335.47,-18.75,71848.29,-71838.64,19074.73,4914,0,0,0,0,0,0,0,1455,1877,2903,1448,0.5080,60.00,10.00,33148.87,1265,936,0.00,-74786.69,2948.70,38315.34,""
TRUMP_volatile,false,V1-deployed|arb40k,B,benign+arb+mom,2,outage,true,7209.73,1609257.00,44.80,30347.56,-28570.93,77259.10,5610,112,40,0,0,0,0,0,0,0,2903,2851,0.9841,131.21,141.21,4203.20,3,2753,20747.31,-1362.93,-12174.65,1609.26,""
TRUMP_volatile,false,V1-deployed|arb40k,B,benign+arb+mom,2,outage,false,7209.73,1609257.00,44.80,30347.56,-28570.93,77259.10,5610,112,40,0,0,0,0,0,0,0,2903,2851,0.9841,131.21,141.21,4203.20,3,2753,20747.31,-1362.93,-12174.65,1609.26,""
TRUMP_volatile,false,V1-kind1|arb40k,A,benign+arb+mom,2,outage,true,-71837.99,38315335.47,-18.75,71848.29,-71838.64,19074.73,4914,0,0,0,0,0,0,0,1455,1877,2903,1448,0.5080,60.23,10.00,33148.87,1265,936,0.00,-74786.69,2948.70,38315.34,""
TRUMP_volatile,false,V1-kind1|arb40k,A,benign+arb+mom,2,outage,false,-71837.99,38315335.47,-18.75,71848.29,-71838.64,19074.73,4914,0,0,0,0,0,0,0,1455,1877,2903,1448,0.5080,60.23,10.00,33148.87,1265,936,0.00,-74786.69,2948.70,38315.34,""
TRUMP_volatile,false,V1-kind1|arb40k,B,benign+arb+mom,2,outage,true,7255.38,1582956.94,45.83,30345.58,-28568.11,77259.10,5607,113,41,0,0,0,0,0,0,0,2903,2850,0.9842,131.33,141.33,4139.10,2,2753,20651.11,-1241.43,-12154.30,1582.96,""
TRUMP_volatile,false,V1-kind1|arb40k,B,benign+arb+mom,2,outage,false,7255.38,1582956.94,45.83,30345.58,-28568.11,77259.10,5607,113,41,0,0,0,0,0,0,0,2903,2850,0.9842,131.33,141.33,4139.10,2,2753,20651.11,-1241.43,-12154.30,1582.96,""
TRUMP_volatile,false,V2-default|arb40k,A,benign+arb+mom,2,outage,true,-17753.92,8049110.22,-22.06,17764.22,-17755.45,12963.78,5600,0,1786,18,15,0,3,18,1521,1628,2903,1367,0.2828,77.61,10.00,6788.86,1265,1182,0.00,-14650.83,-3103.09,8049.11,"Benign:Custom(8002)=15;Momentum:Custom(8002)=3"
TRUMP_volatile,false,V2-default|arb40k,A,benign+arb+mom,2,outage,false,-17753.92,8049110.22,-22.06,17764.22,-17755.45,12963.78,5600,0,1786,0,0,0,0,0,1536,1631,2903,1367,0.2828,77.61,10.00,6788.86,1265,1182,0.00,-14650.83,-3103.09,8049.11,""
TRUMP_volatile,false,V2-default|arb40k,B,benign+arb+mom,2,outage,true,7292.21,1519933.47,47.98,30123.00,-28899.22,77259.10,5593,108,39,18,15,0,3,18,0,0,2903,2839,0.9776,130.57,140.57,495.79,1,2751,17604.64,-1321.36,-8991.08,1519.93,"Benign:Custom(8002)=15;Momentum:Custom(8002)=3"
TRUMP_volatile,false,V2-default|arb40k,B,benign+arb+mom,2,outage,false,8602.06,1523236.46,56.47,30123.00,-28899.22,77259.10,5605,114,44,0,0,0,0,0,0,0,2903,2850,0.9822,131.54,141.54,496.60,1,2752,17737.99,-511.86,-8624.07,1523.24,""
TRUMP_volatile,false,V2-tuned-B|arb40k,A,benign+arb+mom,2,outage,true,-75163.45,38533477.28,-19.51,75401.35,-75391.46,34464.63,5683,0,0,18,15,0,3,18,1263,1282,2903,1625,0.5654,71.79,10.00,33148.87,1265,1528,0.00,-73779.43,-1384.02,38533.48,"Benign:Custom(8002)=15;Momentum:Custom(8002)=3"
TRUMP_volatile,false,V2-tuned-B|arb40k,A,benign+arb+mom,2,outage,false,-75163.45,38533477.28,-19.51,75401.35,-75391.46,34464.63,5683,0,0,0,0,0,0,0,1278,1285,2903,1625,0.5654,71.79,10.00,33148.87,1265,1528,0.00,-73779.43,-1384.02,38533.48,""
TRUMP_volatile,false,V2-tuned-B|arb40k,B,benign+arb+mom,2,outage,true,876.15,1601631.80,5.47,30429.25,-29706.79,77259.10,5596,108,36,18,15,0,3,18,0,0,2903,2839,0.9769,96.13,106.13,3934.91,3,2751,15850.50,-2966.52,-12007.82,1601.63,"Benign:Custom(8002)=15;Momentum:Custom(8002)=3"
TRUMP_volatile,false,V2-tuned-B|arb40k,B,benign+arb+mom,2,outage,false,2352.39,1578066.19,14.91,30429.25,-29706.79,77259.10,5607,113,41,0,0,0,0,0,0,0,2903,2850,0.9811,97.37,107.37,3911.72,2,2753,15748.13,-1557.28,-11838.46,1578.07,""
TRUMP_volatile,false,V2-tuned-A|arb40k,A,benign+arb+mom,2,outage,true,-2933.98,1450848.29,-20.22,3042.08,-3000.13,8446.36,6144,16126,2068,26,19,0,7,26,0,0,2903,2449,0.6652,79.07,10.00,369.97,414,2340,0.00,-1264.93,-1669.05,1450.85,"Benign:Custom(8002)=19;Momentum:Custom(8002)=7"
TRUMP_volatile,false,V2-tuned-A|arb40k,A,benign+arb+mom,2,outage,false,-2593.35,1456996.00,-17.80,2701.45,-2659.50,8446.58,6172,18453,2075,0,0,0,0,0,0,0,2903,2472,0.6715,79.13,10.00,367.90,412,2347,0.00,-915.52,-1677.84,1457.00,""
TRUMP_volatile,false,V2-tuned-A|arb40k,B,benign+arb+mom,2,outage,true,6533.97,1077203.17,60.66,1043.89,-141.82,8457.73,4755,7902,1142,18,15,0,3,18,0,0,2903,2424,0.6615,79.10,89.10,23.98,4,2316,8577.94,-457.05,-1586.93,1077.20,"Benign:Custom(8002)=15;Momentum:Custom(8002)=3"
TRUMP_volatile,false,V2-tuned-A|arb40k,B,benign+arb+mom,2,outage,false,6741.02,1079088.78,62.47,1043.89,-141.82,8457.58,4761,7939,1141,0,0,0,0,0,0,0,2903,2431,0.6631,79.12,89.12,23.80,4,2317,8593.88,-282.00,-1570.86,1079.09,""
TRUMP_volatile,false,V1-deployed+guard|arb40k,A,benign+arb+mom,2,outage,true,-71837.99,38315335.47,-18.75,71848.29,-71838.64,19074.73,4914,0,0,18,15,0,3,18,1440,1874,2903,1448,0.5080,60.00,10.00,33148.87,1265,936,0.00,-74786.69,2948.70,38315.34,"Benign:Custom(8002)=15;Momentum:Custom(8002)=3"
TRUMP_volatile,false,V1-deployed+guard|arb40k,A,benign+arb+mom,2,outage,false,-71837.99,38315335.47,-18.75,71848.29,-71838.64,19074.73,4914,0,0,0,0,0,0,0,1455,1877,2903,1448,0.5080,60.00,10.00,33148.87,1265,936,0.00,-74786.69,2948.70,38315.34,""
TRUMP_volatile,false,V1-deployed+guard|arb40k,B,benign+arb+mom,2,outage,true,5934.25,1606201.75,36.95,30347.56,-28570.93,77259.10,5597,107,35,18,15,0,3,18,0,0,2903,2840,0.9802,130.43,140.43,4203.20,3,2751,20670.05,-2194.01,-12541.79,1606.20,"Benign:Custom(8002)=15;Momentum:Custom(8002)=3"
TRUMP_volatile,false,V1-deployed+guard|arb40k,B,benign+arb+mom,2,outage,false,7209.73,1609257.00,44.80,30347.56,-28570.93,77259.10,5610,112,40,0,0,0,0,0,0,0,2903,2851,0.9841,131.21,141.21,4203.20,3,2753,20747.31,-1362.93,-12174.65,1609.26,""
PENGU_calm,false,V1-deployed|arb40k,A,benign+arb+mom,2,outage,true,-126.05,690314.86,-1.83,137.04,-136.32,7678.18,2369,0,0,0,0,0,0,0,1489,1828,2937,1448,0.4956,60.98,10.00,109.86,2,917,0.00,-32.22,-93.83,690.31,""
PENGU_calm,false,V1-deployed|arb40k,A,benign+arb+mom,2,outage,false,-126.05,690314.86,-1.83,137.04,-136.32,7678.18,2369,0,0,0,0,0,0,0,1489,1828,2937,1448,0.4956,60.98,10.00,109.86,2,917,0.00,-32.22,-93.83,690.31,""
PENGU_calm,false,V1-deployed|arb40k,B,benign+arb+mom,2,outage,true,20878.68,1587588.28,131.51,44.07,0.00,24835.44,5682,0,0,0,0,0,0,0,0,0,2937,2937,1.0055,132.84,142.84,0.00,0,2745,20587.33,-48.67,340.03,1587.59,""
PENGU_calm,false,V1-deployed|arb40k,B,benign+arb+mom,2,outage,false,20878.68,1587588.28,131.51,44.07,0.00,24835.44,5682,0,0,0,0,0,0,0,0,0,2937,2937,1.0055,132.84,142.84,0.00,0,2745,20587.33,-48.67,340.03,1587.59,""
PENGU_calm,false,V1-kind1|arb40k,A,benign+arb+mom,2,outage,true,-126.05,690314.86,-1.83,137.04,-136.32,7678.18,2369,0,0,0,0,0,0,0,1489,1828,2937,1448,0.4956,61.21,10.00,109.86,2,917,0.00,-32.22,-93.83,690.31,""
PENGU_calm,false,V1-kind1|arb40k,A,benign+arb+mom,2,outage,false,-126.05,690314.86,-1.83,137.04,-136.32,7678.18,2369,0,0,0,0,0,0,0,1489,1828,2937,1448,0.4956,61.21,10.00,109.86,2,917,0.00,-32.22,-93.83,690.31,""
PENGU_calm,false,V1-kind1|arb40k,B,benign+arb+mom,2,outage,true,20884.34,1587586.18,131.55,44.07,0.00,24835.44,5682,0,0,0,0,0,0,0,0,0,2937,2937,1.0055,132.92,142.92,0.00,0,2745,20592.98,-48.67,340.03,1587.59,""
PENGU_calm,false,V1-kind1|arb40k,B,benign+arb+mom,2,outage,false,20884.34,1587586.18,131.55,44.07,0.00,24835.44,5682,0,0,0,0,0,0,0,0,0,2937,2937,1.0055,132.92,142.92,0.00,0,2745,20592.98,-48.67,340.03,1587.59,""
PENGU_calm,false,V2-default|arb40k,A,benign+arb+mom,2,outage,true,280.50,1300878.29,2.16,107.84,-3.33,15837.51,5385,0,4,28,12,0,16,28,254,21,2937,2671,0.6279,65.30,10.00,35.68,2,2708,0.00,-0.33,280.83,1300.88,"Benign:Custom(8002)=12;Momentum:Custom(8002)=16"
PENGU_calm,false,V2-default|arb40k,A,benign+arb+mom,2,outage,false,242.70,1307439.49,1.86,148.68,-3.33,15738.23,5410,0,4,0,0,0,0,0,257,21,2937,2680,0.6303,65.51,10.00,35.68,2,2724,0.00,-55.15,297.85,1307.44,""
PENGU_calm,false,V2-default|arb40k,B,benign+arb+mom,2,outage,true,14171.18,1571845.39,90.16,49.48,0.00,22959.72,5667,0,6,322,10,307,5,322,0,0,2937,2927,0.9911,110.07,120.07,0.00,0,2740,13914.00,-57.75,314.93,1571.85,"Benign:Custom(8002)=10;Arb:Custom(8002)=307;Momentum:Custom(8002)=5"
PENGU_calm,false,V2-default|arb40k,B,benign+arb+mom,2,outage,false,14210.52,1575561.07,90.19,49.48,0.00,22959.72,5682,0,5,0,0,0,0,0,0,0,2937,2937,0.9936,109.96,119.96,0.00,0,2745,13941.89,-48.67,317.30,1575.56,""
PENGU_calm,false,V2-tuned-B|arb40k,A,benign+arb+mom,2,outage,true,169.10,1612644.28,1.05,286.44,-179.52,25126.10,5658,0,1,28,14,0,14,28,0,0,2937,2923,0.9955,49.30,10.00,109.86,2,2731,0.00,-83.09,252.19,1612.64,"Benign:Custom(8002)=14;Momentum:Custom(8002)=14"
PENGU_calm,false,V2-tuned-B|arb40k,A,benign+arb+mom,2,outage,false,141.11,1620216.00,0.87,286.44,-179.52,24835.44,5686,0,0,0,0,0,0,0,0,0,2937,2937,1.0000,48.50,10.00,109.86,2,2745,0.00,-115.45,256.55,1620.22,""
PENGU_calm,false,V2-tuned-B|arb40k,B,benign+arb+mom,2,outage,true,7767.38,1579239.22,49.18,61.27,0.00,24835.44,5671,0,0,11,9,0,2,11,0,0,2937,2928,0.9990,48.25,58.25,0.00,0,2743,7499.45,-71.70,339.64,1579.24,"Benign:Custom(8002)=9;Momentum:Custom(8002)=2"
PENGU_calm,false,V2-tuned-B|arb40k,B,benign+arb+mom,2,outage,false,7882.05,1602048.15,49.20,61.27,0.00,24835.44,5684,0,0,0,0,0,0,0,0,0,2937,2937,1.0015,48.62,58.62,-33.57,1,2745,7705.89,-163.86,340.03,1602.05,""
PENGU_calm,false,V2-tuned-A|arb40k,A,benign+arb+mom,2,outage,true,204.22,1463738.77,1.40,52.80,-2.54,8943.54,5659,1,451,28,12,0,16,28,0,0,2937,2924,0.8928,64.54,10.00,7.85,2,2729,0.00,18.00,186.22,1463.74,"Benign:Custom(8002)=12;Momentum:Custom(8002)=16"
PENGU_calm,false,V2-tuned-A|arb40k,A,benign+arb+mom,2,outage,false,138.17,1466081.53,0.94,81.33,-2.54,8943.60,5683,5,478,0,0,0,0,0,0,0,2937,2935,0.8932,64.54,10.00,7.85,2,2742,0.00,-42.71,180.88,1466.08,""
PENGU_calm,false,V2-tuned-A|arb40k,B,benign+arb+mom,2,outage,true,9128.54,1460126.45,62.52,22.24,0.00,8943.20,5653,1,446,1381,12,1353,16,1381,0,0,2937,2924,0.8935,64.52,74.52,0.00,0,2729,8914.99,22.02,191.52,1460.13,"Benign:Custom(8002)=12;Arb:Custom(8002)=1353;Momentum:Custom(8002)=16"
PENGU_calm,false,V2-tuned-A|arb40k,B,benign+arb+mom,2,outage,false,9088.43,1462195.79,62.16,32.94,0.00,8943.40,5677,5,470,0,0,0,0,0,0,0,2937,2935,0.8934,64.53,74.53,0.00,0,2742,8943.87,-41.69,186.25,1462.20,""
PENGU_calm,false,V1-deployed+guard|arb40k,A,benign+arb+mom,2,outage,true,-126.05,690314.86,-1.83,137.04,-136.32,7678.18,2369,0,0,28,12,0,16,28,1477,1812,2937,1448,0.4956,60.98,10.00,109.86,2,917,0.00,-32.22,-93.83,690.31,"Benign:Custom(8002)=12;Momentum:Custom(8002)=16"
PENGU_calm,false,V1-deployed+guard|arb40k,A,benign+arb+mom,2,outage,false,-126.05,690314.86,-1.83,137.04,-136.32,7678.18,2369,0,0,0,0,0,0,0,1489,1828,2937,1448,0.4956,60.98,10.00,109.86,2,917,0.00,-32.22,-93.83,690.31,""
PENGU_calm,false,V1-deployed+guard|arb40k,B,benign+arb+mom,2,outage,true,20836.91,1583859.27,131.56,44.07,0.00,24835.44,5671,0,0,11,9,0,2,11,0,0,2937,2928,1.0023,132.90,142.90,0.00,0,2743,20568.98,-71.70,339.64,1583.86,"Benign:Custom(8002)=9;Momentum:Custom(8002)=2"
PENGU_calm,false,V1-deployed+guard|arb40k,B,benign+arb+mom,2,outage,false,20878.68,1587588.28,131.51,44.07,0.00,24835.44,5682,0,0,0,0,0,0,0,0,0,2937,2937,1.0055,132.84,142.84,0.00,0,2745,20587.33,-48.67,340.03,1587.59,""
PENGU_volatile,false,V1-deployed|arb40k,A,benign+arb+mom,2,outage,true,-3018.58,2267922.05,-13.31,3022.26,-3018.58,10536.48,2573,0,0,0,0,0,0,0,1465,1884,2932,1467,0.4817,60.53,10.00,1539.98,74,958,0.00,-2786.81,-231.77,2267.92,""
PENGU_volatile,false,V1-deployed|arb40k,A,benign+arb+mom,2,outage,false,-3018.58,2267922.05,-13.31,3022.26,-3018.58,10536.48,2573,0,0,0,0,0,0,0,1465,1884,2932,1467,0.4817,60.53,10.00,1539.98,74,958,0.00,-2786.81,-231.77,2267.92,""
PENGU_volatile,false,V1-deployed|arb40k,B,benign+arb+mom,2,outage,true,23769.56,1592879.00,149.22,1137.21,0.00,48447.77,5776,0,1,0,0,0,0,0,0,0,2932,2932,0.9985,133.16,143.16,120.73,1,2842,20915.23,-370.17,3224.50,1592.88,""
PENGU_volatile,false,V1-deployed|arb40k,B,benign+arb+mom,2,outage,false,23769.56,1592879.00,149.22,1137.21,0.00,48447.77,5776,0,1,0,0,0,0,0,0,0,2932,2932,0.9985,133.16,143.16,120.73,1,2842,20915.23,-370.17,3224.50,1592.88,""
PENGU_volatile,false,V1-kind1|arb40k,A,benign+arb+mom,2,outage,true,-3018.58,2267922.05,-13.31,3022.26,-3018.58,10536.48,2573,0,0,0,0,0,0,0,1465,1884,2932,1467,0.4817,60.68,10.00,1539.98,74,958,0.00,-2786.81,-231.77,2267.92,""
PENGU_volatile,false,V1-kind1|arb40k,A,benign+arb+mom,2,outage,false,-3018.58,2267922.05,-13.31,3022.26,-3018.58,10536.48,2573,0,0,0,0,0,0,0,1465,1884,2932,1467,0.4817,60.68,10.00,1539.98,74,958,0.00,-2786.81,-231.77,2267.92,""
PENGU_volatile,false,V1-kind1|arb40k,B,benign+arb+mom,2,outage,true,23786.21,1592892.03,149.33,1137.21,0.00,48447.77,5776,0,1,0,0,0,0,0,0,0,2932,2932,0.9985,133.24,143.24,110.02,1,2842,20931.88,-386.82,3241.15,1592.89,""
PENGU_volatile,false,V1-kind1|arb40k,B,benign+arb+mom,2,outage,false,23786.21,1592892.03,149.33,1137.21,0.00,48447.77,5776,0,1,0,0,0,0,0,0,0,2932,2932,0.9985,133.24,143.24,110.02,1,2842,20931.88,-386.82,3241.15,1592.89,""
PENGU_volatile,false,V2-default|arb40k,A,benign+arb+mom,2,outage,true,-840.03,1698759.95,-4.94,1404.50,-1001.66,14042.13,5380,0,106,858,15,828,15,858,368,175,2932,2549,0.5952,71.23,10.00,338.57,73,2652,0.00,-794.86,-45.17,1698.76,"Benign:Custom(8002)=15;Arb:Custom(8002)=828;Momentum:Custom(8002)=15"
PENGU_volatile,false,V2-default|arb40k,A,benign+arb+mom,2,outage,false,-1336.86,1675789.01,-7.98,1911.68,-1508.84,14042.13,5293,0,108,0,0,0,0,0,421,242,2932,2511,0.5874,71.16,10.00,456.63,74,2600,0.00,-872.02,-464.84,1675.79,""
PENGU_volatile,false,V2-default|arb40k,B,benign+arb+mom,2,outage,true,17943.21,1561982.85,114.87,1576.02,0.00,48514.31,5742,14,10,18,15,0,3,18,0,0,2932,2914,0.9914,115.86,125.86,0.00,0,2828,15553.77,-97.99,2487.44,1561.98,"Benign:Custom(8002)=15;Momentum:Custom(8002)=3"
PENGU_volatile,false,V2-default|arb40k,B,benign+arb+mom,2,outage,false,18780.45,1571350.95,119.52,1319.23,0.00,48509.22,5773,1,4,0,0,0,0,0,0,0,2932,2931,0.9978,115.54,125.54,0.00,0,2842,15613.43,-71.50,3238.52,1571.35,""
PENGU_volatile,false,V2-tuned-B|arb40k,A,benign+arb+mom,2,outage,true,-2196.77,3123656.06,-7.03,3982.98,-2767.96,26313.12,5662,0,1,48,30,0,18,48,99,113,2932,2803,0.9565,61.14,10.00,1300.46,74,2711,0.00,-2794.69,597.92,3123.66,"Benign:Custom(8002)=30;Momentum:Custom(8002)=18"
PENGU_volatile,false,V2-tuned-B|arb40k,A,benign+arb+mom,2,outage,false,-2245.99,3074780.71,-7.30,4033.29,-2818.27,24784.14,5414,0,0,0,0,0,0,0,242,266,2932,2690,0.9274,60.05,10.00,1539.98,74,2576,0.00,-2883.32,637.33,3074.78,""
PENGU_volatile,false,V2-tuned-B|arb40k,B,benign+arb+mom,2,outage,true,14029.92,1563489.76,89.73,1595.57,0.00,48514.31,5743,13,8,18,15,0,3,18,0,0,2932,2914,0.9925,75.05,85.05,0.00,0,2829,11538.69,-97.99,2589.22,1563.49,"Benign:Custom(8002)=15;Momentum:Custom(8002)=3"
PENGU_volatile,false,V2-tuned-B|arb40k,B,benign+arb+mom,2,outage,false,14767.70,1593706.12,92.66,1351.46,0.00,48447.77,5776,0,1,0,0,0,0,0,0,0,2932,2932,0.9992,74.82,84.82,68.48,1,2842,11913.37,-216.69,3071.02,1593.71,""
PENGU_volatile,false,V2-tuned-A|arb40k,A,benign+arb+mom,2,outage,true,-123.88,1453380.34,-0.85,467.06,-236.50,8354.34,6133,667,1210,865,22,828,15,865,0,0,2932,2866,0.8533,71.65,10.00,54.76,66,2785,0.00,-112.35,-11.52,1453.38,"Benign:Custom(8002)=22;Arb:Custom(8002)=828;Momentum:Custom(8002)=15"
PENGU_volatile,false,V2-tuned-A|arb40k,A,benign+arb+mom,2,outage,false,-390.77,1449460.47,-2.70,733.95,-503.40,8354.62,6667,925,1748,0,0,0,0,0,0,0,2932,2871,0.8531,71.49,10.00,65.93,64,2781,0.00,-177.81,-212.96,1449.46,""
PENGU_volatile,false,V2-tuned-A|arb40k,B,benign+arb+mom,2,outage,true,9698.11,1383265.61,70.11,150.13,0.00,8344.16,5643,94,804,865,22,828,15,865,0,0,2932,2860,0.8505,71.66,81.66,0.00,0,2783,9701.38,-4.01,0.74,1383.27,"Benign:Custom(8002)=22;Arb:Custom(8002)=828;Momentum:Custom(8002)=15"
PENGU_volatile,false,V2-tuned-A|arb40k,B,benign+arb+mom,2,outage,false,9436.13,1384275.62,68.17,255.89,0.00,8344.11,6176,126,1328,0,0,0,0,0,0,0,2932,2866,0.8515,71.52,81.52,3.78,1,2782,9697.29,-82.37,-178.79,1384.28,""
PENGU_volatile,false,V1-deployed+guard|arb40k,A,benign+arb+mom,2,outage,true,-2710.78,2242543.28,-12.09,2714.46,-2710.78,2097.14,2555,0,1,874,29,828,17,874,1461,1858,2932,1442,0.4720,60.54,10.00,1142.19,73,967,0.00,-2779.65,68.87,2242.54,"Benign:Custom(8002)=29;Arb:Custom(8002)=828;Momentum:Custom(8002)=17"
PENGU_volatile,false,V1-deployed+guard|arb40k,A,benign+arb+mom,2,outage,false,-3018.58,2267922.05,-13.31,3022.26,-3018.58,10536.48,2573,0,0,0,0,0,0,0,1465,1884,2932,1467,0.4817,60.53,10.00,1539.98,74,958,0.00,-2786.81,-231.77,2267.92,""
PENGU_volatile,false,V1-deployed+guard|arb40k,B,benign+arb+mom,2,outage,true,22882.44,1584044.86,144.46,1419.72,0.00,48514.31,5745,13,8,18,15,0,3,18,0,0,2932,2914,0.9922,133.15,143.15,120.73,1,2829,20810.00,-396.62,2469.05,1584.04,"Benign:Custom(8002)=15;Momentum:Custom(8002)=3"
PENGU_volatile,false,V1-deployed+guard|arb40k,B,benign+arb+mom,2,outage,false,23769.56,1592879.00,149.22,1137.21,0.00,48447.77,5776,0,1,0,0,0,0,0,0,0,2932,2932,0.9985,133.16,143.16,120.73,1,2842,20915.23,-370.17,3224.50,1592.88,""
BURNIE_3d-linear,false,V1-deployed|arb40k,A,benign+arb+mom,2,outage,true,313.18,1542668.68,2.03,709.66,-311.61,10518.43,5870,0,0,0,0,0,0,0,4306,3641,8651,4345,0.5044,63.53,10.00,-1084.64,1,1523,0.00,-684.93,998.11,1542.67,""
BURNIE_3d-linear,false,V1-deployed|arb40k,A,benign+arb+mom,2,outage,false,313.18,1542668.68,2.03,709.66,-311.61,10518.43,5870,0,0,0,0,0,0,0,4306,3641,8651,4345,0.5044,63.53,10.00,-1084.64,1,1523,0.00,-684.93,998.11,1542.67,""
BURNIE_3d-linear,false,V1-deployed|arb40k,B,benign+arb+mom,2,outage,true,51660.59,3675661.82,140.55,4362.70,0.00,37785.80,13796,21,12,0,0,0,0,0,0,0,8651,8636,0.9976,132.96,142.96,774.72,1,5158,48856.53,-841.69,3645.74,3675.66,""
BURNIE_3d-linear,false,V1-deployed|arb40k,B,benign+arb+mom,2,outage,false,51660.59,3675661.82,140.55,4362.70,0.00,37785.80,13796,21,12,0,0,0,0,0,0,0,8651,8636,0.9976,132.96,142.96,774.72,1,5158,48856.53,-841.69,3645.74,3675.66,""
BURNIE_3d-linear,false,V1-kind1|arb40k,A,benign+arb+mom,2,outage,true,313.18,1542668.68,2.03,709.66,-311.61,10518.43,5870,0,0,0,0,0,0,0,4306,3641,8651,4345,0.5044,63.88,10.00,-1084.64,1,1523,0.00,-684.93,998.11,1542.67,""
BURNIE_3d-linear,false,V1-kind1|arb40k,A,benign+arb+mom,2,outage,false,313.18,1542668.68,2.03,709.66,-311.61,10518.43,5870,0,0,0,0,0,0,0,4306,3641,8651,4345,0.5044,63.88,10.00,-1084.64,1,1523,0.00,-684.93,998.11,1542.67,""
BURNIE_3d-linear,false,V1-kind1|arb40k,B,benign+arb+mom,2,outage,true,51696.41,3675662.10,140.65,4362.70,0.00,37785.80,13796,21,12,0,0,0,0,0,0,0,8651,8636,0.9976,133.10,143.10,768.69,1,5158,48892.36,-859.74,3663.79,3675.66,""
BURNIE_3d-linear,false,V1-kind1|arb40k,B,benign+arb+mom,2,outage,false,51696.41,3675662.10,140.65,4362.70,0.00,37785.80,13796,21,12,0,0,0,0,0,0,0,8651,8636,0.9976,133.10,143.10,768.69,1,5158,48892.36,-859.74,3663.79,3675.66,""
BURNIE_3d-linear,false,V2-default|arb40k,A,benign+arb+mom,2,outage,true,3043.36,2727044.05,11.16,846.30,-304.49,15690.96,12266,0,1,16,5,0,11,16,1078,457,8651,7568,0.6211,71.87,10.00,-304.91,1,4696,0.00,-4.73,3048.09,2727.04,"Benign:Custom(8002)=5;Momentum:Custom(8002)=11"
BURNIE_3d-linear,false,V2-default|arb40k,A,benign+arb+mom,2,outage,false,3043.36,2727044.05,11.16,846.30,-304.49,15690.96,12266,0,1,0,0,0,0,0,1083,468,8651,7568,0.6211,71.87,10.00,-304.91,1,4696,0.00,-4.73,3048.09,2727.04,""
BURNIE_3d-linear,false,V2-default|arb40k,B,benign+arb+mom,2,outage,true,41376.10,3647455.18,113.44,3211.25,0.00,39807.46,13770,29,22,1143,5,1127,11,1143,0,0,8651,8628,0.9959,113.62,123.62,0.00,0,5142,37157.82,116.90,4101.38,3647.46,"Benign:Custom(8002)=5;Arb:Custom(8002)=1127;Momentum:Custom(8002)=11"
BURNIE_3d-linear,false,V2-default|arb40k,B,benign+arb+mom,2,outage,false,41221.23,3660278.09,112.62,3527.10,0.00,37785.80,13796,21,16,0,0,0,0,0,0,0,8651,8636,0.9974,114.01,124.01,84.71,1,5158,37624.11,-711.90,4309.02,3660.28,""
BURNIE_3d-linear,false,V2-tuned-B|arb40k,A,benign+arb+mom,2,outage,true,4377.26,2320867.62,18.86,2439.72,-8.68,26442.44,8712,0,0,16,5,0,11,16,3099,1990,8651,5547,0.6398,58.23,10.00,-1084.64,1,3163,0.00,-32.10,4409.36,2320.87,"Benign:Custom(8002)=5;Momentum:Custom(8002)=11"
BURNIE_3d-linear,false,V2-tuned-B|arb40k,A,benign+arb+mom,2,outage,false,4377.26,2320867.62,18.86,2439.72,-8.68,26442.44,8712,0,0,0,0,0,0,0,3104,2001,8651,5547,0.6398,58.23,10.00,-1084.64,1,3163,0.00,-32.10,4409.36,2320.87,""
BURNIE_3d-linear,false,V2-tuned-B|arb40k,B,benign+arb+mom,2,outage,true,28380.05,3646062.81,77.84,3226.01,0.00,39807.46,13770,29,19,1143,5,1127,11,1143,0,0,8651,8628,0.9954,63.70,73.70,0.00,0,5142,24130.34,116.90,4132.81,3646.06,"Benign:Custom(8002)=5;Arb:Custom(8002)=1127;Momentum:Custom(8002)=11"
BURNIE_3d-linear,false,V2-tuned-B|arb40k,B,benign+arb+mom,2,outage,false,27862.40,3674344.06,75.83,4384.62,0.00,37785.80,13796,21,12,0,0,0,0,0,0,0,8651,8636,0.9970,64.59,74.59,606.03,1,5158,25058.34,-859.74,3663.79,3674.34,""
BURNIE_3d-linear,false,V2-tuned-A|arb40k,A,benign+arb+mom,2,outage,true,2689.48,3194860.38,8.42,681.33,-302.29,8504.76,13550,951,1749,16,5,0,11,16,0,0,8651,8529,0.8529,69.88,10.00,-0.00,1,5019,0.00,39.69,2649.79,3194.86,"Benign:Custom(8002)=5;Momentum:Custom(8002)=11"
BURNIE_3d-linear,false,V2-tuned-A|arb40k,A,benign+arb+mom,2,outage,false,2588.03,3194379.14,8.10,681.33,-302.29,8505.15,13557,1161,1765,0,0,0,0,0,0,0,8651,8530,0.8530,69.89,10.00,-0.00,1,5025,0.00,-49.51,2637.55,3194.38,""
BURNIE_3d-linear,false,V2-tuned-A|arb40k,B,benign+arb+mom,2,outage,true,25437.66,3187578.12,79.80,543.55,0.00,8505.36,13540,259,1777,1143,5,1127,11,1143,0,0,8651,8524,0.8521,69.91,79.91,0.00,0,5016,22798.73,39.74,2599.20,3187.58,"Benign:Custom(8002)=5;Arb:Custom(8002)=1127;Momentum:Custom(8002)=11"
BURNIE_3d-linear,false,V2-tuned-A|arb40k,B,benign+arb+mom,2,outage,false,25342.57,3187970.54,79.49,543.55,0.00,8505.35,13545,272,1778,0,0,0,0,0,0,0,8651,8526,0.8523,69.94,79.94,0.00,1,5017,22807.07,-71.38,2606.87,3187.97,""
BURNIE_3d-linear,false,V1-deployed+guard|arb40k,A,benign+arb+mom,2,outage,true,-177.91,1514566.96,-1.17,253.10,-252.95,3871.02,5838,0,1,1278,14,1247,17,1278,4304,3642,8651,4333,0.5030,63.52,10.00,0.00,0,1505,0.00,-3.16,-174.75,1514.57,"Benign:Custom(8002)=14;Arb:Custom(8002)=1247;Momentum:Custom(8002)=17"
BURNIE_3d-linear,false,V1-deployed+guard|arb40k,A,benign+arb+mom,2,outage,false,313.18,1542668.68,2.03,709.66,-311.61,10518.43,5870,0,0,0,0,0,0,0,4306,3641,8651,4345,0.5044,63.53,10.00,-1084.64,1,1523,0.00,-684.93,998.11,1542.67,""
BURNIE_3d-linear,false,V1-deployed+guard|arb40k,B,benign+arb+mom,2,outage,true,52601.27,3648552.07,144.17,3232.39,0.00,39807.46,13770,29,19,1143,5,1127,11,1143,0,0,8651,8628,0.9964,132.63,142.63,0.00,0,5142,48351.56,116.90,4132.81,3648.55,"Benign:Custom(8002)=5;Arb:Custom(8002)=1127;Momentum:Custom(8002)=11"
BURNIE_3d-linear,false,V1-deployed+guard|arb40k,B,benign+arb+mom,2,outage,false,51660.59,3675661.82,140.55,4362.70,0.00,37785.80,13796,21,12,0,0,0,0,0,0,0,8651,8636,0.9976,132.96,142.96,774.72,1,5158,48856.53,-841.69,3645.74,3675.66,""
BURNIE_3d-bridge,false,V1-deployed|arb40k,A,benign+arb+mom,2,outage,true,-42452.59,28357635.45,-14.97,42461.32,-42457.47,9885.82,9573,0,0,0,0,0,0,0,4384,4095,8703,4319,0.4906,63.54,10.00,16545.91,1422,2410,0.00,-42170.92,-281.67,28357.64,""
BURNIE_3d-bridge,false,V1-deployed|arb40k,A,benign+arb+mom,2,outage,false,-42452.59,28357635.45,-14.97,42461.32,-42457.47,9885.82,9573,0,0,0,0,0,0,0,4384,4095,8703,4319,0.4906,63.54,10.00,16545.91,1422,2410,0.00,-42170.92,-281.67,28357.64,""
BURNIE_3d-bridge,false,V1-deployed|arb40k,B,benign+arb+mom,2,outage,true,57653.00,4000204.47,144.13,2527.33,0.00,38916.97,15080,130,81,0,0,0,0,0,0,0,8703,8640,0.9837,134.25,144.25,979.15,1,6438,53470.98,-475.15,4657.16,4000.20,""
BURNIE_3d-bridge,false,V1-deployed|arb40k,B,benign+arb+mom,2,outage,false,57653.00,4000204.47,144.13,2527.33,0.00,38916.97,15080,130,81,0,0,0,0,0,0,0,8703,8640,0.9837,134.25,144.25,979.15,1,6438,53470.98,-475.15,4657.16,4000.20,""
BURNIE_3d-bridge,false,V1-kind1|arb40k,A,benign+arb+mom,2,outage,true,-42452.59,28357635.45,-14.97,42461.32,-42457.47,9885.82,9573,0,0,0,0,0,0,0,4384,4095,8703,4319,0.4906,63.74,10.00,16545.91,1422,2410,0.00,-42170.92,-281.67,28357.64,""
BURNIE_3d-bridge,false,V1-kind1|arb40k,A,benign+arb+mom,2,outage,false,-42452.59,28357635.45,-14.97,42461.32,-42457.47,9885.82,9573,0,0,0,0,0,0,0,4384,4095,8703,4319,0.4906,63.74,10.00,16545.91,1422,2410,0.00,-42170.92,-281.67,28357.64,""
BURNIE_3d-bridge,false,V1-kind1|arb40k,B,benign+arb+mom,2,outage,true,57690.75,4000202.48,144.22,2527.33,0.00,38916.97,15080,130,81,0,0,0,0,0,0,0,8703,8640,0.9837,134.35,144.35,961.10,1,6438,53508.74,-505.23,4687.25,4000.20,""
BURNIE_3d-bridge,false,V1-kind1|arb40k,B,benign+arb+mom,2,outage,false,57690.75,4000202.48,144.22,2527.33,0.00,38916.97,15080,130,81,0,0,0,0,0,0,0,8703,8640,0.9837,134.35,144.35,961.10,1,6438,53508.74,-505.23,4687.25,4000.20,""
BURNIE_3d-bridge,false,V2-default|arb40k,A,benign+arb+mom,2,outage,true,-9426.75,11257993.58,-8.37,10079.64,-9554.92,12865.12,16164,0,1714,27,16,0,11,27,1413,740,8703,7274,0.5536,77.48,10.00,5107.66,1422,5754,0.00,-13304.03,3877.28,11257.99,"Benign:Custom(8002)=16;Momentum:Custom(8002)=11"
BURNIE_3d-bridge,false,V2-default|arb40k,A,benign+arb+mom,2,outage,false,-9426.75,11257993.58,-8.37,10079.64,-9554.92,12865.12,16164,0,1714,0,0,0,0,0,1429,751,8703,7274,0.5536,77.48,10.00,5107.66,1422,5754,0.00,-13304.03,3877.28,11257.99,""
BURNIE_3d-bridge,false,V2-default|arb40k,B,benign+arb+mom,2,outage,true,49831.40,3979542.98,125.22,2549.79,0.00,38916.97,15069,127,91,14,7,0,7,14,0,0,8703,8634,0.9814,127.21,137.21,98.33,1,6433,45320.38,-785.48,5296.50,3979.54,"Benign:Custom(8002)=7;Momentum:Custom(8002)=7"
BURNIE_3d-bridge,false,V2-default|arb40k,B,benign+arb+mom,2,outage,false,50432.89,3986093.22,126.52,2549.79,0.00,38916.97,15086,124,85,0,0,0,0,0,0,0,8703,8642,0.9830,127.15,137.15,96.14,1,6442,45363.17,-548.93,5618.65,3986.09,""
BURNIE_3d-bridge,false,V2-tuned-B|arb40k,A,benign+arb+mom,2,outage,true,-38989.46,29712385.41,-13.12,39506.68,-38996.78,24294.35,14535,0,0,27,16,0,11,27,1980,1510,8703,6707,0.7686,69.66,10.00,16545.91,1422,4984,0.00,-42395.54,3406.08,29712.39,"Benign:Custom(8002)=16;Momentum:Custom(8002)=11"
BURNIE_3d-bridge,false,V2-tuned-B|arb40k,A,benign+arb+mom,2,outage,false,-38989.46,29712385.41,-13.12,39506.68,-38996.78,24294.35,14535,0,0,0,0,0,0,0,1996,1521,8703,6707,0.7686,69.66,10.00,16545.91,1422,4984,0.00,-42395.54,3406.08,29712.39,""
BURNIE_3d-bridge,false,V2-tuned-B|arb40k,B,benign+arb+mom,2,outage,true,39793.64,3990445.25,99.72,2608.44,-8.37,38916.97,15046,129,79,35,17,0,18,35,0,0,8703,8624,0.9836,87.14,97.14,580.44,1,6420,35056.96,-406.56,5143.25,3990.45,"Benign:Custom(8002)=17;Momentum:Custom(8002)=18"
BURNIE_3d-bridge,false,V2-tuned-B|arb40k,B,benign+arb+mom,2,outage,false,39687.84,4003638.48,99.13,2608.44,-8.37,38916.97,15080,130,81,0,0,0,0,0,0,0,8703,8640,0.9844,87.66,97.66,732.30,1,6438,35505.83,-577.44,4759.45,4003.64,""
BURNIE_3d-bridge,false,V2-tuned-A|arb40k,A,benign+arb+mom,2,outage,true,2984.64,3559695.89,8.38,495.40,-174.12,7385.02,16515,23933,4204,37,19,0,18,37,0,0,8703,8399,0.7902,79.20,10.00,91.59,350,6204,0.00,-318.84,3303.48,3559.70,"Benign:Custom(8002)=19;Momentum:Custom(8002)=18"
BURNIE_3d-bridge,false,V2-tuned-A|arb40k,A,benign+arb+mom,2,outage,false,2752.59,3560152.44,7.73,495.40,-174.12,7385.48,19870,21028,7545,0,0,0,0,0,0,0,8703,8427,0.7921,79.22,10.00,86.90,329,6227,0.00,-627.83,3380.43,3560.15,""
BURNIE_3d-bridge,false,V2-tuned-A|arb40k,B,benign+arb+mom,2,outage,true,29751.70,3347382.93,88.88,513.73,0.00,7385.09,14649,3911,2645,25,13,0,12,25,0,0,8703,8424,0.7933,79.20,89.20,0.00,1,6223,26532.50,-54.49,3273.69,3347.38,"Benign:Custom(8002)=13;Momentum:Custom(8002)=12"
BURNIE_3d-bridge,false,V2-tuned-A|arb40k,B,benign+arb+mom,2,outage,false,29696.71,3351730.25,88.60,513.73,0.00,7385.21,14688,522,2667,0,0,0,0,0,0,0,8703,8447,0.7941,79.21,89.21,0.00,1,6239,26573.01,-172.15,3295.86,3351.73,""
BURNIE_3d-bridge,false,V1-deployed+guard|arb40k,A,benign+arb+mom,2,outage,true,-42452.59,28357635.45,-14.97,42461.32,-42457.47,9885.82,9573,0,0,27,16,0,11,27,4368,4084,8703,4319,0.4906,63.54,10.00,16545.91,1422,2410,0.00,-42170.92,-281.67,28357.64,"Benign:Custom(8002)=16;Momentum:Custom(8002)=11"
BURNIE_3d-bridge,false,V1-deployed+guard|arb40k,A,benign+arb+mom,2,outage,false,-42452.59,28357635.45,-14.97,42461.32,-42457.47,9885.82,9573,0,0,0,0,0,0,0,4384,4095,8703,4319,0.4906,63.54,10.00,16545.91,1422,2410,0.00,-42170.92,-281.67,28357.64,""
BURNIE_3d-bridge,false,V1-deployed+guard|arb40k,B,benign+arb+mom,2,outage,true,58018.23,3987853.81,145.49,2527.33,0.00,38916.97,15044,129,79,37,19,0,18,37,0,0,8703,8622,0.9829,133.96,143.96,711.21,1,6420,53263.28,-235.66,4990.61,3987.85,"Benign:Custom(8002)=19;Momentum:Custom(8002)=18"
BURNIE_3d-bridge,false,V1-deployed+guard|arb40k,B,benign+arb+mom,2,outage,false,57653.00,4000204.47,144.13,2527.33,0.00,38916.97,15080,130,81,0,0,0,0,0,0,0,8703,8640,0.9837,134.25,144.25,979.15,1,6438,53470.98,-475.15,4657.16,4000.20,""
