idx,params,worst_pnl_usd,sum_pnl_usd,benign_fill_ratio,feasible
0,"max_total=400 fee_lo=10 fee_hi=250 fee_cold=default(80,clamped) vol_a_milli=1500 vol_b_den=200 vol_ref_slots=25 skew_mult=0 thin_rebate=0 impact_k=0 liq=10x_capital max_fill=max_inv/4 max_mark_age=150 observed_stale=0",-3511.50,-6455.32,0.8953,false
1,"max_total=100 fee_lo=10 fee_hi=80 fee_cold=10 vol_a_milli=1500 vol_b_den=200 vol_ref_slots=25 skew_mult=0 thin_rebate=0 impact_k=0 liq=10x_capital max_fill=max_inv/4 max_mark_age=150 observed_stale=0",-3511.50,-6429.48,0.9970,true
2,"max_total=400 fee_lo=10 fee_hi=250 fee_cold=default(80,clamped) vol_a_milli=1500 vol_b_den=200 vol_ref_slots=25 skew_mult=0 thin_rebate=0 impact_k=0 liq=10x_capital max_fill=max_inv/4 max_mark_age=10 observed_stale=0",-3511.50,-8652.97,0.7826,false
3,"max_total=100 fee_lo=10 fee_hi=80 fee_cold=10 vol_a_milli=1500 vol_b_den=200 vol_ref_slots=25 skew_mult=0 thin_rebate=0 impact_k=0 liq=10x_capital max_fill=max_inv/4 max_mark_age=10 observed_stale=0",-3511.50,-8577.06,0.8843,false
4,"max_total=400 fee_lo=10 fee_hi=250 fee_cold=default(80,clamped) vol_a_milli=1500 vol_b_den=200 vol_ref_slots=25 skew_mult=0 thin_rebate=0 impact_k=0 liq=10x_capital max_fill=max_inv/10 max_mark_age=150 observed_stale=0",-3416.77,-5443.44,0.8955,false
5,"max_total=100 fee_lo=10 fee_hi=80 fee_cold=10 vol_a_milli=1500 vol_b_den=200 vol_ref_slots=25 skew_mult=0 thin_rebate=0 impact_k=0 liq=10x_capital max_fill=max_inv/10 max_mark_age=150 observed_stale=0",-3416.77,-5425.01,0.9972,true
6,"max_total=400 fee_lo=10 fee_hi=250 fee_cold=default(80,clamped) vol_a_milli=1500 vol_b_den=200 vol_ref_slots=25 skew_mult=0 thin_rebate=0 impact_k=0 liq=10x_capital max_fill=max_inv/10 max_mark_age=10 observed_stale=0",-3416.77,-7876.33,0.7825,false
7,"max_total=100 fee_lo=10 fee_hi=80 fee_cold=10 vol_a_milli=1500 vol_b_den=200 vol_ref_slots=25 skew_mult=0 thin_rebate=0 impact_k=0 liq=10x_capital max_fill=max_inv/10 max_mark_age=10 observed_stale=0",-3416.77,-7807.83,0.8842,false
8,"max_total=400 fee_lo=10 fee_hi=250 fee_cold=default(80,clamped) vol_a_milli=1500 vol_b_den=200 vol_ref_slots=25 skew_mult=0 thin_rebate=0 impact_k=0 liq=10x_capital max_fill=max_inv/40 max_mark_age=150 observed_stale=0",-2947.18,-834.09,0.8987,false
9,"max_total=100 fee_lo=10 fee_hi=80 fee_cold=10 vol_a_milli=1500 vol_b_den=200 vol_ref_slots=25 skew_mult=0 thin_rebate=0 impact_k=0 liq=10x_capital max_fill=max_inv/40 max_mark_age=150 observed_stale=0",-2947.18,-838.99,0.9995,true
10,"max_total=400 fee_lo=10 fee_hi=250 fee_cold=default(80,clamped) vol_a_milli=1500 vol_b_den=200 vol_ref_slots=25 skew_mult=0 thin_rebate=0 impact_k=0 liq=10x_capital max_fill=max_inv/40 max_mark_age=10 observed_stale=0",-2947.18,-4131.84,0.7864,false
11,"max_total=100 fee_lo=10 fee_hi=80 fee_cold=10 vol_a_milli=1500 vol_b_den=200 vol_ref_slots=25 skew_mult=0 thin_rebate=0 impact_k=0 liq=10x_capital max_fill=max_inv/40 max_mark_age=10 observed_stale=0",-2947.18,-4086.57,0.8872,false
12,"max_total=400 fee_lo=10 fee_hi=250 fee_cold=default(80,clamped) vol_a_milli=1500 vol_b_den=200 vol_ref_slots=25 skew_mult=100 thin_rebate=50 impact_k=0 liq=10x_capital max_fill=max_inv/4 max_mark_age=150 observed_stale=0",-3151.29,-7901.49,0.8859,false
13,"max_total=100 fee_lo=10 fee_hi=80 fee_cold=10 vol_a_milli=1500 vol_b_den=200 vol_ref_slots=25 skew_mult=100 thin_rebate=50 impact_k=0 liq=10x_capital max_fill=max_inv/4 max_mark_age=150 observed_stale=0",-3059.22,-5111.37,0.9870,true
14,"max_total=400 fee_lo=10 fee_hi=250 fee_cold=default(80,clamped) vol_a_milli=1500 vol_b_den=200 vol_ref_slots=25 skew_mult=100 thin_rebate=50 impact_k=0 liq=10x_capital max_fill=max_inv/4 max_mark_age=10 observed_stale=0",-3151.29,-8287.30,0.7780,false
15,"max_total=100 fee_lo=10 fee_hi=80 fee_cold=10 vol_a_milli=1500 vol_b_den=200 vol_ref_slots=25 skew_mult=100 thin_rebate=50 impact_k=0 liq=10x_capital max_fill=max_inv/4 max_mark_age=10 observed_stale=0",-3059.22,-6976.43,0.8790,false
16,"max_total=400 fee_lo=10 fee_hi=250 fee_cold=default(80,clamped) vol_a_milli=1500 vol_b_den=200 vol_ref_slots=25 skew_mult=100 thin_rebate=50 impact_k=0 liq=10x_capital max_fill=max_inv/10 max_mark_age=150 observed_stale=0",-3056.56,-6894.60,0.8859,false
17,"max_total=100 fee_lo=10 fee_hi=80 fee_cold=10 vol_a_milli=1500 vol_b_den=200 vol_ref_slots=25 skew_mult=100 thin_rebate=50 impact_k=0 liq=10x_capital max_fill=max_inv/10 max_mark_age=150 observed_stale=0",-2967.79,-4428.61,0.9872,true
18,"max_total=400 fee_lo=10 fee_hi=250 fee_cold=default(80,clamped) vol_a_milli=1500 vol_b_den=200 vol_ref_slots=25 skew_mult=100 thin_rebate=50 impact_k=0 liq=10x_capital max_fill=max_inv/10 max_mark_age=10 observed_stale=0",-3056.56,-7511.89,0.7779,false
19,"max_total=100 fee_lo=10 fee_hi=80 fee_cold=10 vol_a_milli=1500 vol_b_den=200 vol_ref_slots=25 skew_mult=100 thin_rebate=50 impact_k=0 liq=10x_capital max_fill=max_inv/10 max_mark_age=10 observed_stale=0",-2967.79,-6453.90,0.8789,false
20,"max_total=400 fee_lo=10 fee_hi=250 fee_cold=default(80,clamped) vol_a_milli=1500 vol_b_den=200 vol_ref_slots=25 skew_mult=100 thin_rebate=50 impact_k=0 liq=10x_capital max_fill=max_inv/40 max_mark_age=150 observed_stale=0",-2590.77,-1607.95,0.8898,false
21,"max_total=100 fee_lo=10 fee_hi=80 fee_cold=10 vol_a_milli=1500 vol_b_den=200 vol_ref_slots=25 skew_mult=100 thin_rebate=50 impact_k=0 liq=10x_capital max_fill=max_inv/40 max_mark_age=150 observed_stale=0",-2582.99,-668.66,0.9900,true
22,"max_total=400 fee_lo=10 fee_hi=250 fee_cold=default(80,clamped) vol_a_milli=1500 vol_b_den=200 vol_ref_slots=25 skew_mult=100 thin_rebate=50 impact_k=0 liq=10x_capital max_fill=max_inv/40 max_mark_age=10 observed_stale=0",-2590.77,-3747.06,0.7817,false
23,"max_total=100 fee_lo=10 fee_hi=80 fee_cold=10 vol_a_milli=1500 vol_b_den=200 vol_ref_slots=25 skew_mult=100 thin_rebate=50 impact_k=0 liq=10x_capital max_fill=max_inv/40 max_mark_age=10 observed_stale=0",-2582.99,-3452.99,0.8818,false
24,"max_total=400 fee_lo=10 fee_hi=250 fee_cold=default(80,clamped) vol_a_milli=1500 vol_b_den=200 vol_ref_slots=25 skew_mult=300 thin_rebate=150 impact_k=0 liq=10x_capital max_fill=max_inv/4 max_mark_age=150 observed_stale=0",-4206.21,-9562.69,0.8617,false
25,"max_total=100 fee_lo=10 fee_hi=80 fee_cold=10 vol_a_milli=1500 vol_b_den=200 vol_ref_slots=25 skew_mult=300 thin_rebate=150 impact_k=0 liq=10x_capital max_fill=max_inv/4 max_mark_age=150 observed_stale=0",-3186.84,-6828.07,0.9619,true
26,"max_total=400 fee_lo=10 fee_hi=250 fee_cold=default(80,clamped) vol_a_milli=1500 vol_b_den=200 vol_ref_slots=25 skew_mult=300 thin_rebate=150 impact_k=0 liq=10x_capital max_fill=max_inv/4 max_mark_age=10 observed_stale=0",-2963.78,-7762.32,0.7612,false
27,"max_total=100 fee_lo=10 fee_hi=80 fee_cold=10 vol_a_milli=1500 vol_b_den=200 vol_ref_slots=25 skew_mult=300 thin_rebate=150 impact_k=0 liq=10x_capital max_fill=max_inv/4 max_mark_age=10 observed_stale=0",-2823.14,-6112.84,0.8609,false
28,"max_total=400 fee_lo=10 fee_hi=250 fee_cold=default(80,clamped) vol_a_milli=1500 vol_b_den=200 vol_ref_slots=25 skew_mult=300 thin_rebate=150 impact_k=0 liq=10x_capital max_fill=max_inv/10 max_mark_age=150 observed_stale=0",-3947.23,-8558.96,0.8623,false
29,"max_total=100 fee_lo=10 fee_hi=80 fee_cold=10 vol_a_milli=1500 vol_b_den=200 vol_ref_slots=25 skew_mult=300 thin_rebate=150 impact_k=0 liq=10x_capital max_fill=max_inv/10 max_mark_age=150 observed_stale=0",-2961.60,-6272.89,0.9627,true
30,"max_total=400 fee_lo=10 fee_hi=250 fee_cold=default(80,clamped) vol_a_milli=1500 vol_b_den=200 vol_ref_slots=25 skew_mult=300 thin_rebate=150 impact_k=0 liq=10x_capital max_fill=max_inv/10 max_mark_age=10 observed_stale=0",-2822.99,-6987.01,0.7611,false
31,"max_total=100 fee_lo=10 fee_hi=80 fee_cold=10 vol_a_milli=1500 vol_b_den=200 vol_ref_slots=25 skew_mult=300 thin_rebate=150 impact_k=0 liq=10x_capital max_fill=max_inv/10 max_mark_age=10 observed_stale=0",-2685.84,-5713.07,0.8612,false
32,"max_total=400 fee_lo=10 fee_hi=250 fee_cold=default(80,clamped) vol_a_milli=1500 vol_b_den=200 vol_ref_slots=25 skew_mult=300 thin_rebate=150 impact_k=0 liq=10x_capital max_fill=max_inv/40 max_mark_age=150 observed_stale=0",-1395.16,-2314.21,0.8727,false
33,"max_total=100 fee_lo=10 fee_hi=80 fee_cold=10 vol_a_milli=1500 vol_b_den=200 vol_ref_slots=25 skew_mult=300 thin_rebate=150 impact_k=0 liq=10x_capital max_fill=max_inv/40 max_mark_age=150 observed_stale=0",-1393.09,-1707.89,0.9714,true
34,"max_total=400 fee_lo=10 fee_hi=250 fee_cold=default(80,clamped) vol_a_milli=1500 vol_b_den=200 vol_ref_slots=25 skew_mult=300 thin_rebate=150 impact_k=0 liq=10x_capital max_fill=max_inv/40 max_mark_age=10 observed_stale=0",-1395.16,-2574.98,0.7691,false
35,"max_total=100 fee_lo=10 fee_hi=80 fee_cold=10 vol_a_milli=1500 vol_b_den=200 vol_ref_slots=25 skew_mult=300 thin_rebate=150 impact_k=0 liq=10x_capital max_fill=max_inv/40 max_mark_age=10 observed_stale=0",-1393.09,-2280.93,0.8686,false
36,"max_total=400 fee_lo=10 fee_hi=250 fee_cold=default(80,clamped) vol_a_milli=1500 vol_b_den=200 vol_ref_slots=25 skew_mult=0 thin_rebate=0 impact_k=5000 liq=2x_capital max_fill=max_inv/4 max_mark_age=150 observed_stale=0",-1704.39,-3612.96,0.2814,false
37,"max_total=100 fee_lo=10 fee_hi=80 fee_cold=10 vol_a_milli=1500 vol_b_den=200 vol_ref_slots=25 skew_mult=0 thin_rebate=0 impact_k=5000 liq=2x_capital max_fill=max_inv/4 max_mark_age=150 observed_stale=0",-1362.67,-786.26,0.6178,false
38,"max_total=400 fee_lo=10 fee_hi=250 fee_cold=default(80,clamped) vol_a_milli=1500 vol_b_den=200 vol_ref_slots=25 skew_mult=0 thin_rebate=0 impact_k=5000 liq=2x_capital max_fill=max_inv/4 max_mark_age=10 observed_stale=0",-1431.25,-2542.17,0.2517,false
39,"max_total=100 fee_lo=10 fee_hi=80 fee_cold=10 vol_a_milli=1500 vol_b_den=200 vol_ref_slots=25 skew_mult=0 thin_rebate=0 impact_k=5000 liq=2x_capital max_fill=max_inv/4 max_mark_age=10 observed_stale=0",-1362.67,-1481.05,0.5476,false
40,"max_total=400 fee_lo=10 fee_hi=250 fee_cold=default(80,clamped) vol_a_milli=1500 vol_b_den=200 vol_ref_slots=25 skew_mult=0 thin_rebate=0 impact_k=5000 liq=2x_capital max_fill=max_inv/10 max_mark_age=150 observed_stale=0",-1704.39,-3612.96,0.2819,false
41,"max_total=100 fee_lo=10 fee_hi=80 fee_cold=10 vol_a_milli=1500 vol_b_den=200 vol_ref_slots=25 skew_mult=0 thin_rebate=0 impact_k=5000 liq=2x_capital max_fill=max_inv/10 max_mark_age=150 observed_stale=0",-1362.67,-786.26,0.6188,false
42,"max_total=400 fee_lo=10 fee_hi=250 fee_cold=default(80,clamped) vol_a_milli=1500 vol_b_den=200 vol_ref_slots=25 skew_mult=0 thin_rebate=0 impact_k=5000 liq=2x_capital max_fill=max_inv/10 max_mark_age=10 observed_stale=0",-1431.25,-2542.17,0.2521,false
43,"max_total=100 fee_lo=10 fee_hi=80 fee_cold=10 vol_a_milli=1500 vol_b_den=200 vol_ref_slots=25 skew_mult=0 thin_rebate=0 impact_k=5000 liq=2x_capital max_fill=max_inv/10 max_mark_age=10 observed_stale=0",-1362.67,-1481.05,0.5485,false
44,"max_total=400 fee_lo=10 fee_hi=250 fee_cold=default(80,clamped) vol_a_milli=1500 vol_b_den=200 vol_ref_slots=25 skew_mult=0 thin_rebate=0 impact_k=5000 liq=2x_capital max_fill=max_inv/40 max_mark_age=150 observed_stale=0",-1602.05,-3435.26,0.3001,false
45,"max_total=100 fee_lo=10 fee_hi=80 fee_cold=10 vol_a_milli=1500 vol_b_den=200 vol_ref_slots=25 skew_mult=0 thin_rebate=0 impact_k=5000 liq=2x_capital max_fill=max_inv/40 max_mark_age=150 observed_stale=0",-1362.67,-786.26,0.6589,false
46,"max_total=400 fee_lo=10 fee_hi=250 fee_cold=default(80,clamped) vol_a_milli=1500 vol_b_den=200 vol_ref_slots=25 skew_mult=0 thin_rebate=0 impact_k=5000 liq=2x_capital max_fill=max_inv/40 max_mark_age=10 observed_stale=0",-1391.94,-2428.35,0.2685,false
47,"max_total=100 fee_lo=10 fee_hi=80 fee_cold=10 vol_a_milli=1500 vol_b_den=200 vol_ref_slots=25 skew_mult=0 thin_rebate=0 impact_k=5000 liq=2x_capital max_fill=max_inv/40 max_mark_age=10 observed_stale=0",-1362.67,-1481.05,0.5840,false
48,"max_total=400 fee_lo=10 fee_hi=250 fee_cold=default(80,clamped) vol_a_milli=1500 vol_b_den=200 vol_ref_slots=25 skew_mult=100 thin_rebate=50 impact_k=5000 liq=2x_capital max_fill=max_inv/4 max_mark_age=150 observed_stale=0",-1425.56,-2606.63,0.2746,false
49,"max_total=100 fee_lo=10 fee_hi=80 fee_cold=10 vol_a_milli=1500 vol_b_den=200 vol_ref_slots=25 skew_mult=100 thin_rebate=50 impact_k=5000 liq=2x_capital max_fill=max_inv/4 max_mark_age=150 observed_stale=0",-712.79,-524.29,0.6010,false
50,"max_total=400 fee_lo=10 fee_hi=250 fee_cold=default(80,clamped) vol_a_milli=1500 vol_b_den=200 vol_ref_slots=25 skew_mult=100 thin_rebate=50 impact_k=5000 liq=2x_capital max_fill=max_inv/4 max_mark_age=10 observed_stale=0",-768.37,-1790.22,0.2468,false
51,"max_total=100 fee_lo=10 fee_hi=80 fee_cold=10 vol_a_milli=1500 vol_b_den=200 vol_ref_slots=25 skew_mult=100 thin_rebate=50 impact_k=5000 liq=2x_capital max_fill=max_inv/4 max_mark_age=10 observed_stale=0",-712.79,-781.84,0.5363,false
52,"max_total=400 fee_lo=10 fee_hi=250 fee_cold=default(80,clamped) vol_a_milli=1500 vol_b_den=200 vol_ref_slots=25 skew_mult=100 thin_rebate=50 impact_k=5000 liq=2x_capital max_fill=max_inv/10 max_mark_age=150 observed_stale=0",-1425.56,-2606.63,0.2750,false
53,"max_total=100 fee_lo=10 fee_hi=80 fee_cold=10 vol_a_milli=1500 vol_b_den=200 vol_ref_slots=25 skew_mult=100 thin_rebate=50 impact_k=5000 liq=2x_capital max_fill=max_inv/10 max_mark_age=150 observed_stale=0",-712.79,-524.29,0.6020,false
54,"max_total=400 fee_lo=10 fee_hi=250 fee_cold=default(80,clamped) vol_a_milli=1500 vol_b_den=200 vol_ref_slots=25 skew_mult=100 thin_rebate=50 impact_k=5000 liq=2x_capital max_fill=max_inv/10 max_mark_age=10 observed_stale=0",-768.37,-1790.22,0.2472,false
55,"max_total=100 fee_lo=10 fee_hi=80 fee_cold=10 vol_a_milli=1500 vol_b_den=200 vol_ref_slots=25 skew_mult=100 thin_rebate=50 impact_k=5000 liq=2x_capital max_fill=max_inv/10 max_mark_age=10 observed_stale=0",-712.79,-781.84,0.5372,false
56,"max_total=400 fee_lo=10 fee_hi=250 fee_cold=default(80,clamped) vol_a_milli=1500 vol_b_den=200 vol_ref_slots=25 skew_mult=100 thin_rebate=50 impact_k=5000 liq=2x_capital max_fill=max_inv/40 max_mark_age=150 observed_stale=0",-1329.14,-2462.62,0.2929,false
57,"max_total=100 fee_lo=10 fee_hi=80 fee_cold=10 vol_a_milli=1500 vol_b_den=200 vol_ref_slots=25 skew_mult=100 thin_rebate=50 impact_k=5000 liq=2x_capital max_fill=max_inv/40 max_mark_age=150 observed_stale=0",-712.79,-524.29,0.6410,false
58,"max_total=400 fee_lo=10 fee_hi=250 fee_cold=default(80,clamped) vol_a_milli=1500 vol_b_den=200 vol_ref_slots=25 skew_mult=100 thin_rebate=50 impact_k=5000 liq=2x_capital max_fill=max_inv/40 max_mark_age=10 observed_stale=0",-718.94,-1706.41,0.2633,false
59,"max_total=100 fee_lo=10 fee_hi=80 fee_cold=10 vol_a_milli=1500 vol_b_den=200 vol_ref_slots=25 skew_mult=100 thin_rebate=50 impact_k=5000 liq=2x_capital max_fill=max_inv/40 max_mark_age=10 observed_stale=0",-712.79,-781.84,0.5720,false
60,"max_total=400 fee_lo=10 fee_hi=250 fee_cold=default(80,clamped) vol_a_milli=1500 vol_b_den=200 vol_ref_slots=25 skew_mult=300 thin_rebate=150 impact_k=5000 liq=2x_capital max_fill=max_inv/4 max_mark_age=150 observed_stale=0",-1321.37,-2315.04,0.2691,false
61,"max_total=100 fee_lo=10 fee_hi=80 fee_cold=10 vol_a_milli=1500 vol_b_den=200 vol_ref_slots=25 skew_mult=300 thin_rebate=150 impact_k=5000 liq=2x_capital max_fill=max_inv/4 max_mark_age=150 observed_stale=0",-407.74,-497.21,0.5885,false
62,"max_total=400 fee_lo=10 fee_hi=250 fee_cold=default(80,clamped) vol_a_milli=1500 vol_b_den=200 vol_ref_slots=25 skew_mult=300 thin_rebate=150 impact_k=5000 liq=2x_capital max_fill=max_inv/4 max_mark_age=10 observed_stale=0",-760.12,-1605.53,0.2431,false
63,"max_total=100 fee_lo=10 fee_hi=80 fee_cold=10 vol_a_milli=1500 vol_b_den=200 vol_ref_slots=25 skew_mult=300 thin_rebate=150 impact_k=5000 liq=2x_capital max_fill=max_inv/4 max_mark_age=10 observed_stale=0",-407.74,-534.30,0.5282,false
64,"max_total=400 fee_lo=10 fee_hi=250 fee_cold=default(80,clamped) vol_a_milli=1500 vol_b_den=200 vol_ref_slots=25 skew_mult=300 thin_rebate=150 impact_k=5000 liq=2x_capital max_fill=max_inv/10 max_mark_age=150 observed_stale=0",-1321.37,-2315.04,0.2695,false
65,"max_total=100 fee_lo=10 fee_hi=80 fee_cold=10 vol_a_milli=1500 vol_b_den=200 vol_ref_slots=25 skew_mult=300 thin_rebate=150 impact_k=5000 liq=2x_capital max_fill=max_inv/10 max_mark_age=150 observed_stale=0",-407.74,-497.21,0.5895,false
66,"max_total=400 fee_lo=10 fee_hi=250 fee_cold=default(80,clamped) vol_a_milli=1500 vol_b_den=200 vol_ref_slots=25 skew_mult=300 thin_rebate=150 impact_k=5000 liq=2x_capital max_fill=max_inv/10 max_mark_age=10 observed_stale=0",-760.12,-1605.53,0.2435,false
67,"max_total=100 fee_lo=10 fee_hi=80 fee_cold=10 vol_a_milli=1500 vol_b_den=200 vol_ref_slots=25 skew_mult=300 thin_rebate=150 impact_k=5000 liq=2x_capital max_fill=max_inv/10 max_mark_age=10 observed_stale=0",-407.74,-534.30,0.5290,false
68,"max_total=400 fee_lo=10 fee_hi=250 fee_cold=default(80,clamped) vol_a_milli=1500 vol_b_den=200 vol_ref_slots=25 skew_mult=300 thin_rebate=150 impact_k=5000 liq=2x_capital max_fill=max_inv/40 max_mark_age=150 observed_stale=0",-1232.90,-2159.32,0.2870,false
69,"max_total=100 fee_lo=10 fee_hi=80 fee_cold=10 vol_a_milli=1500 vol_b_den=200 vol_ref_slots=25 skew_mult=300 thin_rebate=150 impact_k=5000 liq=2x_capital max_fill=max_inv/40 max_mark_age=150 observed_stale=0",-407.74,-497.21,0.6277,false
70,"max_total=400 fee_lo=10 fee_hi=250 fee_cold=default(80,clamped) vol_a_milli=1500 vol_b_den=200 vol_ref_slots=25 skew_mult=300 thin_rebate=150 impact_k=5000 liq=2x_capital max_fill=max_inv/40 max_mark_age=10 observed_stale=0",-714.83,-1504.77,0.2592,false
71,"max_total=100 fee_lo=10 fee_hi=80 fee_cold=10 vol_a_milli=1500 vol_b_den=200 vol_ref_slots=25 skew_mult=300 thin_rebate=150 impact_k=5000 liq=2x_capital max_fill=max_inv/40 max_mark_age=10 observed_stale=0",-407.74,-534.30,0.5633,false
72,"max_total=400 fee_lo=10 fee_hi=250 fee_cold=default(80,clamped) vol_a_milli=1500 vol_b_den=200 vol_ref_slots=25 skew_mult=0 thin_rebate=0 impact_k=5000 liq=5x_capital max_fill=max_inv/4 max_mark_age=150 observed_stale=0",-3508.64,-7182.08,0.5942,false
73,"max_total=100 fee_lo=10 fee_hi=80 fee_cold=10 vol_a_milli=1500 vol_b_den=200 vol_ref_slots=25 skew_mult=0 thin_rebate=0 impact_k=5000 liq=5x_capital max_fill=max_inv/4 max_mark_age=150 observed_stale=0",-2268.27,-127.54,0.8558,false
74,"max_total=400 fee_lo=10 fee_hi=250 fee_cold=default(80,clamped) vol_a_milli=1500 vol_b_den=200 vol_ref_slots=25 skew_mult=0 thin_rebate=0 impact_k=5000 liq=5x_capital max_fill=max_inv/4 max_mark_age=10 observed_stale=0",-2449.59,-5303.42,0.5222,false
75,"max_total=100 fee_lo=10 fee_hi=80 fee_cold=10 vol_a_milli=1500 vol_b_den=200 vol_ref_slots=25 skew_mult=0 thin_rebate=0 impact_k=5000 liq=5x_capital max_fill=max_inv/4 max_mark_age=10 observed_stale=0",-2268.27,-2512.34,0.7587,false
76,"max_total=400 fee_lo=10 fee_hi=250 fee_cold=default(80,clamped) vol_a_milli=1500 vol_b_den=200 vol_ref_slots=25 skew_mult=0 thin_rebate=0 impact_k=5000 liq=5x_capital max_fill=max_inv/10 max_mark_age=150 observed_stale=0",-3508.64,-7182.08,0.5951,false
77,"max_total=100 fee_lo=10 fee_hi=80 fee_cold=10 vol_a_milli=1500 vol_b_den=200 vol_ref_slots=25 skew_mult=0 thin_rebate=0 impact_k=5000 liq=5x_capital max_fill=max_inv/10 max_mark_age=150 observed_stale=0",-2268.27,-127.54,0.8572,false
78,"max_total=400 fee_lo=10 fee_hi=250 fee_cold=default(80,clamped) vol_a_milli=1500 vol_b_den=200 vol_ref_slots=25 skew_mult=0 thin_rebate=0 impact_k=5000 liq=5x_capital max_fill=max_inv/10 max_mark_age=10 observed_stale=0",-2449.59,-5303.42,0.5231,false
79,"max_total=100 fee_lo=10 fee_hi=80 fee_cold=10 vol_a_milli=1500 vol_b_den=200 vol_ref_slots=25 skew_mult=0 thin_rebate=0 impact_k=5000 liq=5x_capital max_fill=max_inv/10 max_mark_age=10 observed_stale=0",-2268.27,-2512.34,0.7599,false
80,"max_total=400 fee_lo=10 fee_hi=250 fee_cold=default(80,clamped) vol_a_milli=1500 vol_b_den=200 vol_ref_slots=25 skew_mult=0 thin_rebate=0 impact_k=5000 liq=5x_capital max_fill=max_inv/40 max_mark_age=150 observed_stale=0",-1744.44,-3593.87,0.6337,false
81,"max_total=100 fee_lo=10 fee_hi=80 fee_cold=10 vol_a_milli=1500 vol_b_den=200 vol_ref_slots=25 skew_mult=0 thin_rebate=0 impact_k=5000 liq=5x_capital max_fill=max_inv/40 max_mark_age=150 observed_stale=0",-2268.27,-127.54,0.9128,true
82,"max_total=400 fee_lo=10 fee_hi=250 fee_cold=default(80,clamped) vol_a_milli=1500 vol_b_den=200 vol_ref_slots=25 skew_mult=0 thin_rebate=0 impact_k=5000 liq=5x_capital max_fill=max_inv/40 max_mark_age=10 observed_stale=0",-1744.44,-2895.26,0.5569,false
83,"max_total=100 fee_lo=10 fee_hi=80 fee_cold=10 vol_a_milli=1500 vol_b_den=200 vol_ref_slots=25 skew_mult=0 thin_rebate=0 impact_k=5000 liq=5x_capital max_fill=max_inv/40 max_mark_age=10 observed_stale=0",-2268.27,-2512.34,0.8091,false
84,"max_total=400 fee_lo=10 fee_hi=250 fee_cold=default(80,clamped) vol_a_milli=1500 vol_b_den=200 vol_ref_slots=25 skew_mult=100 thin_rebate=50 impact_k=5000 liq=5x_capital max_fill=max_inv/4 max_mark_age=150 observed_stale=0",-3206.02,-5780.90,0.5810,false
85,"max_total=100 fee_lo=10 fee_hi=80 fee_cold=10 vol_a_milli=1500 vol_b_den=200 vol_ref_slots=25 skew_mult=100 thin_rebate=50 impact_k=5000 liq=5x_capital max_fill=max_inv/4 max_mark_age=150 observed_stale=0",-1282.19,-653.33,0.8324,false
86,"max_total=400 fee_lo=10 fee_hi=250 fee_cold=default(80,clamped) vol_a_milli=1500 vol_b_den=200 vol_ref_slots=25 skew_mult=100 thin_rebate=50 impact_k=5000 liq=5x_capital max_fill=max_inv/4 max_mark_age=10 observed_stale=0",-1843.97,-4141.75,0.5133,false
87,"max_total=100 fee_lo=10 fee_hi=80 fee_cold=10 vol_a_milli=1500 vol_b_den=200 vol_ref_slots=25 skew_mult=100 thin_rebate=50 impact_k=5000 liq=5x_capital max_fill=max_inv/4 max_mark_age=10 observed_stale=0",-1282.19,-1448.85,0.7429,false
88,"max_total=400 fee_lo=10 fee_hi=250 fee_cold=default(80,clamped) vol_a_milli=1500 vol_b_den=200 vol_ref_slots=25 skew_mult=100 thin_rebate=50 impact_k=5000 liq=5x_capital max_fill=max_inv/10 max_mark_age=150 observed_stale=0",-3206.02,-5780.90,0.5820,false
89,"max_total=100 fee_lo=10 fee_hi=80 fee_cold=10 vol_a_milli=1500 vol_b_den=200 vol_ref_slots=25 skew_mult=100 thin_rebate=50 impact_k=5000 liq=5x_capital max_fill=max_inv/10 max_mark_age=150 observed_stale=0",-1282.19,-653.33,0.8338,false
90,"max_total=400 fee_lo=10 fee_hi=250 fee_cold=default(80,clamped) vol_a_milli=1500 vol_b_den=200 vol_ref_slots=25 skew_mult=100 thin_rebate=50 impact_k=5000 liq=5x_capital max_fill=max_inv/10 max_mark_age=10 observed_stale=0",-1843.97,-4141.75,0.5141,false
91,"max_total=100 fee_lo=10 fee_hi=80 fee_cold=10 vol_a_milli=1500 vol_b_den=200 vol_ref_slots=25 skew_mult=100 thin_rebate=50 impact_k=5000 liq=5x_capital max_fill=max_inv/10 max_mark_age=10 observed_stale=0",-1282.19,-1448.85,0.7441,false
92,"max_total=400 fee_lo=10 fee_hi=250 fee_cold=default(80,clamped) vol_a_milli=1500 vol_b_den=200 vol_ref_slots=25 skew_mult=100 thin_rebate=50 impact_k=5000 liq=5x_capital max_fill=max_inv/40 max_mark_age=150 observed_stale=0",-1141.42,-2276.35,0.6197,false
93,"max_total=100 fee_lo=10 fee_hi=80 fee_cold=10 vol_a_milli=1500 vol_b_den=200 vol_ref_slots=25 skew_mult=100 thin_rebate=50 impact_k=5000 liq=5x_capital max_fill=max_inv/40 max_mark_age=150 observed_stale=0",-1282.19,-653.33,0.8878,false
94,"max_total=400 fee_lo=10 fee_hi=250 fee_cold=default(80,clamped) vol_a_milli=1500 vol_b_den=200 vol_ref_slots=25 skew_mult=100 thin_rebate=50 impact_k=5000 liq=5x_capital max_fill=max_inv/40 max_mark_age=10 observed_stale=0",-710.48,-1775.99,0.5473,false
95,"max_total=100 fee_lo=10 fee_hi=80 fee_cold=10 vol_a_milli=1500 vol_b_den=200 vol_ref_slots=25 skew_mult=100 thin_rebate=50 impact_k=5000 liq=5x_capital max_fill=max_inv/40 max_mark_age=10 observed_stale=0",-1282.19,-1448.85,0.7923,false
96,"max_total=400 fee_lo=10 fee_hi=250 fee_cold=default(80,clamped) vol_a_milli=1500 vol_b_den=200 vol_ref_slots=25 skew_mult=300 thin_rebate=150 impact_k=5000 liq=5x_capital max_fill=max_inv/4 max_mark_age=150 observed_stale=0",-3321.13,-5746.58,0.5669,false
97,"max_total=100 fee_lo=10 fee_hi=80 fee_cold=10 vol_a_milli=1500 vol_b_den=200 vol_ref_slots=25 skew_mult=300 thin_rebate=150 impact_k=5000 liq=5x_capital max_fill=max_inv/4 max_mark_age=150 observed_stale=0",-716.29,-859.24,0.8131,false
98,"max_total=400 fee_lo=10 fee_hi=250 fee_cold=default(80,clamped) vol_a_milli=1500 vol_b_den=200 vol_ref_slots=25 skew_mult=300 thin_rebate=150 impact_k=5000 liq=5x_capital max_fill=max_inv/4 max_mark_age=10 observed_stale=0",-1806.48,-3927.72,0.5033,false
99,"max_total=100 fee_lo=10 fee_hi=80 fee_cold=10 vol_a_milli=1500 vol_b_den=200 vol_ref_slots=25 skew_mult=300 thin_rebate=150 impact_k=5000 liq=5x_capital max_fill=max_inv/4 max_mark_age=10 observed_stale=0",-716.29,-940.76,0.7304,false
100,"max_total=400 fee_lo=10 fee_hi=250 fee_cold=default(80,clamped) vol_a_milli=1500 vol_b_den=200 vol_ref_slots=25 skew_mult=300 thin_rebate=150 impact_k=5000 liq=5x_capital max_fill=max_inv/10 max_mark_age=150 observed_stale=0",-3321.13,-5746.58,0.5678,false
101,"max_total=100 fee_lo=10 fee_hi=80 fee_cold=10 vol_a_milli=1500 vol_b_den=200 vol_ref_slots=25 skew_mult=300 thin_rebate=150 impact_k=5000 liq=5x_capital max_fill=max_inv/10 max_mark_age=150 observed_stale=0",-716.29,-859.24,0.8144,false
102,"max_total=400 fee_lo=10 fee_hi=250 fee_cold=default(80,clamped) vol_a_milli=1500 vol_b_den=200 vol_ref_slots=25 skew_mult=300 thin_rebate=150 impact_k=5000 liq=5x_capital max_fill=max_inv/10 max_mark_age=10 observed_stale=0",-1806.48,-3927.72,0.5041,false
103,"max_total=100 fee_lo=10 fee_hi=80 fee_cold=10 vol_a_milli=1500 vol_b_den=200 vol_ref_slots=25 skew_mult=300 thin_rebate=150 impact_k=5000 liq=5x_capital max_fill=max_inv/10 max_mark_age=10 observed_stale=0",-716.29,-940.76,0.7316,false
104,"max_total=400 fee_lo=10 fee_hi=250 fee_cold=default(80,clamped) vol_a_milli=1500 vol_b_den=200 vol_ref_slots=25 skew_mult=300 thin_rebate=150 impact_k=5000 liq=5x_capital max_fill=max_inv/40 max_mark_age=150 observed_stale=0",-1360.81,-2390.05,0.6048,false
105,"max_total=100 fee_lo=10 fee_hi=80 fee_cold=10 vol_a_milli=1500 vol_b_den=200 vol_ref_slots=25 skew_mult=300 thin_rebate=150 impact_k=5000 liq=5x_capital max_fill=max_inv/40 max_mark_age=150 observed_stale=0",-716.29,-859.24,0.8672,false
106,"max_total=400 fee_lo=10 fee_hi=250 fee_cold=default(80,clamped) vol_a_milli=1500 vol_b_den=200 vol_ref_slots=25 skew_mult=300 thin_rebate=150 impact_k=5000 liq=5x_capital max_fill=max_inv/40 max_mark_age=10 observed_stale=0",-730.61,-1657.96,0.5368,false
107,"max_total=100 fee_lo=10 fee_hi=80 fee_cold=10 vol_a_milli=1500 vol_b_den=200 vol_ref_slots=25 skew_mult=300 thin_rebate=150 impact_k=5000 liq=5x_capital max_fill=max_inv/40 max_mark_age=10 observed_stale=0",-716.29,-940.76,0.7790,false
108,"max_total=400 fee_lo=10 fee_hi=250 fee_cold=default(80,clamped) vol_a_milli=1500 vol_b_den=200 vol_ref_slots=25 skew_mult=0 thin_rebate=0 impact_k=5000 liq=10x_capital max_fill=max_inv/4 max_mark_age=150 observed_stale=0",-4294.18,-9165.25,0.7789,false
109,"max_total=100 fee_lo=10 fee_hi=80 fee_cold=10 vol_a_milli=1500 vol_b_den=200 vol_ref_slots=25 skew_mult=0 thin_rebate=0 impact_k=5000 liq=10x_capital max_fill=max_inv/4 max_mark_age=150 observed_stale=0",-2634.41,544.15,0.9497,true
110,"max_total=400 fee_lo=10 fee_hi=250 fee_cold=default(80,clamped) vol_a_milli=1500 vol_b_den=200 vol_ref_slots=25 skew_mult=0 thin_rebate=0 impact_k=5000 liq=10x_capital max_fill=max_inv/4 max_mark_age=10 observed_stale=0",-4294.18,-8781.99,0.6805,false
111,"max_total=100 fee_lo=10 fee_hi=80 fee_cold=10 vol_a_milli=1500 vol_b_den=200 vol_ref_slots=25 skew_mult=0 thin_rebate=0 impact_k=5000 liq=10x_capital max_fill=max_inv/4 max_mark_age=10 observed_stale=0",-2634.41,-3149.45,0.8426,false
112,"max_total=400 fee_lo=10 fee_hi=250 fee_cold=default(80,clamped) vol_a_milli=1500 vol_b_den=200 vol_ref_slots=25 skew_mult=0 thin_rebate=0 impact_k=5000 liq=10x_capital max_fill=max_inv/10 max_mark_age=150 observed_stale=0",-4199.44,-8490.76,0.7802,false
113,"max_total=100 fee_lo=10 fee_hi=80 fee_cold=10 vol_a_milli=1500 vol_b_den=200 vol_ref_slots=25 skew_mult=0 thin_rebate=0 impact_k=5000 liq=10x_capital max_fill=max_inv/10 max_mark_age=150 observed_stale=0",-2634.41,544.15,0.9513,true
114,"max_total=400 fee_lo=10 fee_hi=250 fee_cold=default(80,clamped) vol_a_milli=1500 vol_b_den=200 vol_ref_slots=25 skew_mult=0 thin_rebate=0 impact_k=5000 liq=10x_capital max_fill=max_inv/10 max_mark_age=10 observed_stale=0",-4199.44,-8328.25,0.6816,false
115,"max_total=100 fee_lo=10 fee_hi=80 fee_cold=10 vol_a_milli=1500 vol_b_den=200 vol_ref_slots=25 skew_mult=0 thin_rebate=0 impact_k=5000 liq=10x_capital max_fill=max_inv/10 max_mark_age=10 observed_stale=0",-2634.41,-3149.45,0.8440,false
116,"max_total=400 fee_lo=10 fee_hi=250 fee_cold=default(80,clamped) vol_a_milli=1500 vol_b_den=200 vol_ref_slots=25 skew_mult=0 thin_rebate=0 impact_k=5000 liq=10x_capital max_fill=max_inv/40 max_mark_age=150 observed_stale=0",-2669.18,-867.88,0.8703,false
117,"max_total=100 fee_lo=10 fee_hi=80 fee_cold=10 vol_a_milli=1500 vol_b_den=200 vol_ref_slots=25 skew_mult=0 thin_rebate=0 impact_k=5000 liq=10x_capital max_fill=max_inv/40 max_mark_age=150 observed_stale=0",-2864.69,80.18,0.9923,true
118,"max_total=400 fee_lo=10 fee_hi=250 fee_cold=default(80,clamped) vol_a_milli=1500 vol_b_den=200 vol_ref_slots=25 skew_mult=0 thin_rebate=0 impact_k=5000 liq=10x_capital max_fill=max_inv/40 max_mark_age=10 observed_stale=0",-2669.18,-3684.44,0.7600,false
119,"max_total=100 fee_lo=10 fee_hi=80 fee_cold=10 vol_a_milli=1500 vol_b_den=200 vol_ref_slots=25 skew_mult=0 thin_rebate=0 impact_k=5000 liq=10x_capital max_fill=max_inv/40 max_mark_age=10 observed_stale=0",-2864.69,-3403.08,0.8807,false
120,"max_total=400 fee_lo=10 fee_hi=250 fee_cold=default(80,clamped) vol_a_milli=1500 vol_b_den=200 vol_ref_slots=25 skew_mult=100 thin_rebate=50 impact_k=5000 liq=10x_capital max_fill=max_inv/4 max_mark_age=150 observed_stale=0",-4701.52,-9659.54,0.7595,false
121,"max_total=100 fee_lo=10 fee_hi=80 fee_cold=10 vol_a_milli=1500 vol_b_den=200 vol_ref_slots=25 skew_mult=100 thin_rebate=50 impact_k=5000 liq=10x_capital max_fill=max_inv/4 max_mark_age=150 observed_stale=0",-1758.96,-617.31,0.9291,true
122,"max_total=400 fee_lo=10 fee_hi=250 fee_cold=default(80,clamped) vol_a_milli=1500 vol_b_den=200 vol_ref_slots=25 skew_mult=100 thin_rebate=50 impact_k=5000 liq=10x_capital max_fill=max_inv/4 max_mark_age=10 observed_stale=0",-2838.93,-7213.40,0.6686,false
123,"max_total=100 fee_lo=10 fee_hi=80 fee_cold=10 vol_a_milli=1500 vol_b_den=200 vol_ref_slots=25 skew_mult=100 thin_rebate=50 impact_k=5000 liq=10x_capital max_fill=max_inv/4 max_mark_age=10 observed_stale=0",-1758.96,-2217.36,0.8296,false
124,"max_total=400 fee_lo=10 fee_hi=250 fee_cold=default(80,clamped) vol_a_milli=1500 vol_b_den=200 vol_ref_slots=25 skew_mult=100 thin_rebate=50 impact_k=5000 liq=10x_capital max_fill=max_inv/10 max_mark_age=150 observed_stale=0",-4439.93,-9012.30,0.7607,false
125,"max_total=100 fee_lo=10 fee_hi=80 fee_cold=10 vol_a_milli=1500 vol_b_den=200 vol_ref_slots=25 skew_mult=100 thin_rebate=50 impact_k=5000 liq=10x_capital max_fill=max_inv/10 max_mark_age=150 observed_stale=0",-1758.96,-617.31,0.9306,true
126,"max_total=400 fee_lo=10 fee_hi=250 fee_cold=default(80,clamped) vol_a_milli=1500 vol_b_den=200 vol_ref_slots=25 skew_mult=100 thin_rebate=50 impact_k=5000 liq=10x_capital max_fill=max_inv/10 max_mark_age=10 observed_stale=0",-2744.20,-6804.17,0.6697,false
127,"max_total=100 fee_lo=10 fee_hi=80 fee_cold=10 vol_a_milli=1500 vol_b_den=200 vol_ref_slots=25 skew_mult=100 thin_rebate=50 impact_k=5000 liq=10x_capital max_fill=max_inv/10 max_mark_age=10 observed_stale=0",-1758.96,-2217.36,0.8310,false
128,"max_total=400 fee_lo=10 fee_hi=250 fee_cold=default(80,clamped) vol_a_milli=1500 vol_b_den=200 vol_ref_slots=25 skew_mult=100 thin_rebate=50 impact_k=5000 liq=10x_capital max_fill=max_inv/40 max_mark_age=150 observed_stale=0",-1163.99,-1799.19,0.8476,false
129,"max_total=100 fee_lo=10 fee_hi=80 fee_cold=10 vol_a_milli=1500 vol_b_den=200 vol_ref_slots=25 skew_mult=100 thin_rebate=50 impact_k=5000 liq=10x_capital max_fill=max_inv/40 max_mark_age=150 observed_stale=0",-1822.28,-585.13,0.9760,true
130,"max_total=400 fee_lo=10 fee_hi=250 fee_cold=default(80,clamped) vol_a_milli=1500 vol_b_den=200 vol_ref_slots=25 skew_mult=100 thin_rebate=50 impact_k=5000 liq=10x_capital max_fill=max_inv/40 max_mark_age=10 observed_stale=0",-1163.99,-2196.15,0.7456,false
131,"max_total=100 fee_lo=10 fee_hi=80 fee_cold=10 vol_a_milli=1500 vol_b_den=200 vol_ref_slots=25 skew_mult=100 thin_rebate=50 impact_k=5000 liq=10x_capital max_fill=max_inv/40 max_mark_age=10 observed_stale=0",-1822.28,-2254.83,0.8708,false
132,"max_total=400 fee_lo=10 fee_hi=250 fee_cold=default(80,clamped) vol_a_milli=1500 vol_b_den=200 vol_ref_slots=25 skew_mult=300 thin_rebate=150 impact_k=5000 liq=10x_capital max_fill=max_inv/4 max_mark_age=150 observed_stale=0",-5320.77,-9569.95,0.7379,false
133,"max_total=100 fee_lo=10 fee_hi=80 fee_cold=10 vol_a_milli=1500 vol_b_den=200 vol_ref_slots=25 skew_mult=300 thin_rebate=150 impact_k=5000 liq=10x_capital max_fill=max_inv/4 max_mark_age=150 observed_stale=0",-1036.12,-1247.95,0.9062,true
134,"max_total=400 fee_lo=10 fee_hi=250 fee_cold=default(80,clamped) vol_a_milli=1500 vol_b_den=200 vol_ref_slots=25 skew_mult=300 thin_rebate=150 impact_k=5000 liq=10x_capital max_fill=max_inv/4 max_mark_age=10 observed_stale=0",-2806.71,-6605.09,0.6528,false
135,"max_total=100 fee_lo=10 fee_hi=80 fee_cold=10 vol_a_milli=1500 vol_b_den=200 vol_ref_slots=25 skew_mult=300 thin_rebate=150 impact_k=5000 liq=10x_capital max_fill=max_inv/4 max_mark_age=10 observed_stale=0",-1036.12,-1510.71,0.8152,false
136,"max_total=400 fee_lo=10 fee_hi=250 fee_cold=default(80,clamped) vol_a_milli=1500 vol_b_den=200 vol_ref_slots=25 skew_mult=300 thin_rebate=150 impact_k=5000 liq=10x_capital max_fill=max_inv/10 max_mark_age=150 observed_stale=0",-5059.18,-8934.09,0.7391,false
137,"max_total=100 fee_lo=10 fee_hi=80 fee_cold=10 vol_a_milli=1500 vol_b_den=200 vol_ref_slots=25 skew_mult=300 thin_rebate=150 impact_k=5000 liq=10x_capital max_fill=max_inv/10 max_mark_age=150 observed_stale=0",-1036.12,-1247.95,0.9077,true
138,"max_total=400 fee_lo=10 fee_hi=250 fee_cold=default(80,clamped) vol_a_milli=1500 vol_b_den=200 vol_ref_slots=25 skew_mult=300 thin_rebate=150 impact_k=5000 liq=10x_capital max_fill=max_inv/10 max_mark_age=10 observed_stale=0",-2670.03,-6201.81,0.6538,false
139,"max_total=100 fee_lo=10 fee_hi=80 fee_cold=10 vol_a_milli=1500 vol_b_den=200 vol_ref_slots=25 skew_mult=300 thin_rebate=150 impact_k=5000 liq=10x_capital max_fill=max_inv/10 max_mark_age=10 observed_stale=0",-1036.12,-1510.71,0.8165,false
140,"max_total=400 fee_lo=10 fee_hi=250 fee_cold=default(80,clamped) vol_a_milli=1500 vol_b_den=200 vol_ref_slots=25 skew_mult=300 thin_rebate=150 impact_k=5000 liq=10x_capital max_fill=max_inv/40 max_mark_age=150 observed_stale=0",-1235.00,-2517.41,0.8166,false
141,"max_total=100 fee_lo=10 fee_hi=80 fee_cold=10 vol_a_milli=1500 vol_b_den=200 vol_ref_slots=25 skew_mult=300 thin_rebate=150 impact_k=5000 liq=10x_capital max_fill=max_inv/40 max_mark_age=150 observed_stale=0",-1041.88,-1253.90,0.9520,true
142,"max_total=400 fee_lo=10 fee_hi=250 fee_cold=default(80,clamped) vol_a_milli=1500 vol_b_den=200 vol_ref_slots=25 skew_mult=300 thin_rebate=150 impact_k=5000 liq=10x_capital max_fill=max_inv/40 max_mark_age=10 observed_stale=0",-852.92,-1908.94,0.7272,false
143,"max_total=100 fee_lo=10 fee_hi=80 fee_cold=10 vol_a_milli=1500 vol_b_den=200 vol_ref_slots=25 skew_mult=300 thin_rebate=150 impact_k=5000 liq=10x_capital max_fill=max_inv/40 max_mark_age=10 observed_stale=0",-1041.88,-1506.32,0.8567,false
144,"max_total=400 fee_lo=10 fee_hi=250 fee_cold=default(80,clamped) vol_a_milli=1500 vol_b_den=200 vol_ref_slots=25 skew_mult=0 thin_rebate=0 impact_k=10000 liq=2x_capital max_fill=max_inv/4 max_mark_age=150 observed_stale=0",-926.08,-1432.95,0.1097,false
145,"max_total=100 fee_lo=10 fee_hi=80 fee_cold=10 vol_a_milli=1500 vol_b_den=200 vol_ref_slots=25 skew_mult=0 thin_rebate=0 impact_k=10000 liq=2x_capital max_fill=max_inv/4 max_mark_age=150 observed_stale=0",-1104.98,-687.39,0.4091,false
146,"max_total=400 fee_lo=10 fee_hi=250 fee_cold=default(80,clamped) vol_a_milli=1500 vol_b_den=200 vol_ref_slots=25 skew_mult=0 thin_rebate=0 impact_k=10000 liq=2x_capital max_fill=max_inv/4 max_mark_age=10 observed_stale=0",-926.08,-1438.31,0.0995,false
147,"max_total=100 fee_lo=10 fee_hi=80 fee_cold=10 vol_a_milli=1500 vol_b_den=200 vol_ref_slots=25 skew_mult=0 thin_rebate=0 impact_k=10000 liq=2x_capital max_fill=max_inv/4 max_mark_age=10 observed_stale=0",-1104.98,-1152.27,0.3628,false
148,"max_total=400 fee_lo=10 fee_hi=250 fee_cold=default(80,clamped) vol_a_milli=1500 vol_b_den=200 vol_ref_slots=25 skew_mult=0 thin_rebate=0 impact_k=10000 liq=2x_capital max_fill=max_inv/10 max_mark_age=150 observed_stale=0",-926.08,-1432.95,0.1099,false
149,"max_total=100 fee_lo=10 fee_hi=80 fee_cold=10 vol_a_milli=1500 vol_b_den=200 vol_ref_slots=25 skew_mult=0 thin_rebate=0 impact_k=10000 liq=2x_capital max_fill=max_inv/10 max_mark_age=150 observed_stale=0",-1104.98,-687.39,0.4098,false
150,"max_total=400 fee_lo=10 fee_hi=250 fee_cold=default(80,clamped) vol_a_milli=1500 vol_b_den=200 vol_ref_slots=25 skew_mult=0 thin_rebate=0 impact_k=10000 liq=2x_capital max_fill=max_inv/10 max_mark_age=10 observed_stale=0",-926.08,-1438.31,0.0996,false
151,"max_total=100 fee_lo=10 fee_hi=80 fee_cold=10 vol_a_milli=1500 vol_b_den=200 vol_ref_slots=25 skew_mult=0 thin_rebate=0 impact_k=10000 liq=2x_capital max_fill=max_inv/10 max_mark_age=10 observed_stale=0",-1104.98,-1152.27,0.3634,false
152,"max_total=400 fee_lo=10 fee_hi=250 fee_cold=default(80,clamped) vol_a_milli=1500 vol_b_den=200 vol_ref_slots=25 skew_mult=0 thin_rebate=0 impact_k=10000 liq=2x_capital max_fill=max_inv/40 max_mark_age=150 observed_stale=0",-926.08,-1432.95,0.1170,false
153,"max_total=100 fee_lo=10 fee_hi=80 fee_cold=10 vol_a_milli=1500 vol_b_den=200 vol_ref_slots=25 skew_mult=0 thin_rebate=0 impact_k=10000 liq=2x_capital max_fill=max_inv/40 max_mark_age=150 observed_stale=0",-1104.98,-687.39,0.4364,false
154,"max_total=400 fee_lo=10 fee_hi=250 fee_cold=default(80,clamped) vol_a_milli=1500 vol_b_den=200 vol_ref_slots=25 skew_mult=0 thin_rebate=0 impact_k=10000 liq=2x_capital max_fill=max_inv/40 max_mark_age=10 observed_stale=0",-926.08,-1438.31,0.1061,false
155,"max_total=100 fee_lo=10 fee_hi=80 fee_cold=10 vol_a_milli=1500 vol_b_den=200 vol_ref_slots=25 skew_mult=0 thin_rebate=0 impact_k=10000 liq=2x_capital max_fill=max_inv/40 max_mark_age=10 observed_stale=0",-1104.98,-1152.27,0.3869,false
156,"max_total=400 fee_lo=10 fee_hi=250 fee_cold=default(80,clamped) vol_a_milli=1500 vol_b_den=200 vol_ref_slots=25 skew_mult=100 thin_rebate=50 impact_k=10000 liq=2x_capital max_fill=max_inv/4 max_mark_age=150 observed_stale=0",-559.22,-1278.20,0.1069,false
157,"max_total=100 fee_lo=10 fee_hi=80 fee_cold=10 vol_a_milli=1500 vol_b_den=200 vol_ref_slots=25 skew_mult=100 thin_rebate=50 impact_k=10000 liq=2x_capital max_fill=max_inv/4 max_mark_age=150 observed_stale=0",-534.71,-386.01,0.3993,false
158,"max_total=400 fee_lo=10 fee_hi=250 fee_cold=default(80,clamped) vol_a_milli=1500 vol_b_den=200 vol_ref_slots=25 skew_mult=100 thin_rebate=50 impact_k=10000 liq=2x_capital max_fill=max_inv/4 max_mark_age=10 observed_stale=0",-490.81,-1009.55,0.0974,false
159,"max_total=100 fee_lo=10 fee_hi=80 fee_cold=10 vol_a_milli=1500 vol_b_den=200 vol_ref_slots=25 skew_mult=100 thin_rebate=50 impact_k=10000 liq=2x_capital max_fill=max_inv/4 max_mark_age=10 observed_stale=0",-534.71,-557.12,0.3560,false
160,"max_total=400 fee_lo=10 fee_hi=250 fee_cold=default(80,clamped) vol_a_milli=1500 vol_b_den=200 vol_ref_slots=25 skew_mult=100 thin_rebate=50 impact_k=10000 liq=2x_capital max_fill=max_inv/10 max_mark_age=150 observed_stale=0",-559.22,-1278.20,0.1070,false
161,"max_total=100 fee_lo=10 fee_hi=80 fee_cold=10 vol_a_milli=1500 vol_b_den=200 vol_ref_slots=25 skew_mult=100 thin_rebate=50 impact_k=10000 liq=2x_capital max_fill=max_inv/10 max_mark_age=150 observed_stale=0",-534.71,-386.01,0.4000,false
162,"max_total=400 fee_lo=10 fee_hi=250 fee_cold=default(80,clamped) vol_a_milli=1500 vol_b_den=200 vol_ref_slots=25 skew_mult=100 thin_rebate=50 impact_k=10000 liq=2x_capital max_fill=max_inv/10 max_mark_age=10 observed_stale=0",-490.81,-1009.55,0.0976,false
163,"max_total=100 fee_lo=10 fee_hi=80 fee_cold=10 vol_a_milli=1500 vol_b_den=200 vol_ref_slots=25 skew_mult=100 thin_rebate=50 impact_k=10000 liq=2x_capital max_fill=max_inv/10 max_mark_age=10 observed_stale=0",-534.71,-557.12,0.3566,false
164,"max_total=400 fee_lo=10 fee_hi=250 fee_cold=default(80,clamped) vol_a_milli=1500 vol_b_den=200 vol_ref_slots=25 skew_mult=100 thin_rebate=50 impact_k=10000 liq=2x_capital max_fill=max_inv/40 max_mark_age=150 observed_stale=0",-559.22,-1278.20,0.1140,false
165,"max_total=100 fee_lo=10 fee_hi=80 fee_cold=10 vol_a_milli=1500 vol_b_den=200 vol_ref_slots=25 skew_mult=100 thin_rebate=50 impact_k=10000 liq=2x_capital max_fill=max_inv/40 max_mark_age=150 observed_stale=0",-534.71,-386.01,0.4259,false
166,"max_total=400 fee_lo=10 fee_hi=250 fee_cold=default(80,clamped) vol_a_milli=1500 vol_b_den=200 vol_ref_slots=25 skew_mult=100 thin_rebate=50 impact_k=10000 liq=2x_capital max_fill=max_inv/40 max_mark_age=10 observed_stale=0",-490.81,-1009.55,0.1039,false
167,"max_total=100 fee_lo=10 fee_hi=80 fee_cold=10 vol_a_milli=1500 vol_b_den=200 vol_ref_slots=25 skew_mult=100 thin_rebate=50 impact_k=10000 liq=2x_capital max_fill=max_inv/40 max_mark_age=10 observed_stale=0",-534.71,-557.12,0.3797,false
168,"max_total=400 fee_lo=10 fee_hi=250 fee_cold=default(80,clamped) vol_a_milli=1500 vol_b_den=200 vol_ref_slots=25 skew_mult=300 thin_rebate=150 impact_k=10000 liq=2x_capital max_fill=max_inv/4 max_mark_age=150 observed_stale=0",-583.06,-1153.08,0.1051,false
169,"max_total=100 fee_lo=10 fee_hi=80 fee_cold=10 vol_a_milli=1500 vol_b_den=200 vol_ref_slots=25 skew_mult=300 thin_rebate=150 impact_k=10000 liq=2x_capital max_fill=max_inv/4 max_mark_age=150 observed_stale=0",-285.12,-268.76,0.3921,false
170,"max_total=400 fee_lo=10 fee_hi=250 fee_cold=default(80,clamped) vol_a_milli=1500 vol_b_den=200 vol_ref_slots=25 skew_mult=300 thin_rebate=150 impact_k=10000 liq=2x_capital max_fill=max_inv/4 max_mark_age=10 observed_stale=0",-360.47,-863.06,0.0963,false
171,"max_total=100 fee_lo=10 fee_hi=80 fee_cold=10 vol_a_milli=1500 vol_b_den=200 vol_ref_slots=25 skew_mult=300 thin_rebate=150 impact_k=10000 liq=2x_capital max_fill=max_inv/4 max_mark_age=10 observed_stale=0",-285.12,-337.67,0.3514,false
172,"max_total=400 fee_lo=10 fee_hi=250 fee_cold=default(80,clamped) vol_a_milli=1500 vol_b_den=200 vol_ref_slots=25 skew_mult=300 thin_rebate=150 impact_k=10000 liq=2x_capital max_fill=max_inv/10 max_mark_age=150 observed_stale=0",-583.06,-1153.08,0.1053,false
173,"max_total=100 fee_lo=10 fee_hi=80 fee_cold=10 vol_a_milli=1500 vol_b_den=200 vol_ref_slots=25 skew_mult=300 thin_rebate=150 impact_k=10000 liq=2x_capital max_fill=max_inv/10 max_mark_age=150 observed_stale=0",-285.12,-268.76,0.3927,false
174,"max_total=400 fee_lo=10 fee_hi=250 fee_cold=default(80,clamped) vol_a_milli=1500 vol_b_den=200 vol_ref_slots=25 skew_mult=300 thin_rebate=150 impact_k=10000 liq=2x_capital max_fill=max_inv/10 max_mark_age=10 observed_stale=0",-360.47,-863.06,0.0965,false
175,"max_total=100 fee_lo=10 fee_hi=80 fee_cold=10 vol_a_milli=1500 vol_b_den=200 vol_ref_slots=25 skew_mult=300 thin_rebate=150 impact_k=10000 liq=2x_capital max_fill=max_inv/10 max_mark_age=10 observed_stale=0",-285.12,-337.67,0.3519,false
176,"max_total=400 fee_lo=10 fee_hi=250 fee_cold=default(80,clamped) vol_a_milli=1500 vol_b_den=200 vol_ref_slots=25 skew_mult=300 thin_rebate=150 impact_k=10000 liq=2x_capital max_fill=max_inv/40 max_mark_age=150 observed_stale=0",-583.06,-1153.08,0.1121,false
177,"max_total=100 fee_lo=10 fee_hi=80 fee_cold=10 vol_a_milli=1500 vol_b_den=200 vol_ref_slots=25 skew_mult=300 thin_rebate=150 impact_k=10000 liq=2x_capital max_fill=max_inv/40 max_mark_age=150 observed_stale=0",-285.12,-268.76,0.4182,false
178,"max_total=400 fee_lo=10 fee_hi=250 fee_cold=default(80,clamped) vol_a_milli=1500 vol_b_den=200 vol_ref_slots=25 skew_mult=300 thin_rebate=150 impact_k=10000 liq=2x_capital max_fill=max_inv/40 max_mark_age=10 observed_stale=0",-360.47,-863.06,0.1027,false
179,"max_total=100 fee_lo=10 fee_hi=80 fee_cold=10 vol_a_milli=1500 vol_b_den=200 vol_ref_slots=25 skew_mult=300 thin_rebate=150 impact_k=10000 liq=2x_capital max_fill=max_inv/40 max_mark_age=10 observed_stale=0",-285.12,-337.67,0.3747,false
180,"max_total=400 fee_lo=10 fee_hi=250 fee_cold=default(80,clamped) vol_a_milli=1500 vol_b_den=200 vol_ref_slots=25 skew_mult=0 thin_rebate=0 impact_k=10000 liq=5x_capital max_fill=max_inv/4 max_mark_age=150 observed_stale=0",-2386.30,-4429.50,0.3565,false
181,"max_total=100 fee_lo=10 fee_hi=80 fee_cold=10 vol_a_milli=1500 vol_b_den=200 vol_ref_slots=25 skew_mult=0 thin_rebate=0 impact_k=10000 liq=5x_capital max_fill=max_inv/4 max_mark_age=150 observed_stale=0",-1468.51,-611.75,0.6864,false
182,"max_total=400 fee_lo=10 fee_hi=250 fee_cold=default(80,clamped) vol_a_milli=1500 vol_b_den=200 vol_ref_slots=25 skew_mult=0 thin_rebate=0 impact_k=10000 liq=5x_capital max_fill=max_inv/4 max_mark_age=10 observed_stale=0",-1443.50,-2864.02,0.3154,false
183,"max_total=100 fee_lo=10 fee_hi=80 fee_cold=10 vol_a_milli=1500 vol_b_den=200 vol_ref_slots=25 skew_mult=0 thin_rebate=0 impact_k=10000 liq=5x_capital max_fill=max_inv/4 max_mark_age=10 observed_stale=0",-1468.51,-1614.26,0.6083,false
184,"max_total=400 fee_lo=10 fee_hi=250 fee_cold=default(80,clamped) vol_a_milli=1500 vol_b_den=200 vol_ref_slots=25 skew_mult=0 thin_rebate=0 impact_k=10000 liq=5x_capital max_fill=max_inv/10 max_mark_age=150 observed_stale=0",-2386.30,-4429.50,0.3571,false
185,"max_total=100 fee_lo=10 fee_hi=80 fee_cold=10 vol_a_milli=1500 vol_b_den=200 vol_ref_slots=25 skew_mult=0 thin_rebate=0 impact_k=10000 liq=5x_capital max_fill=max_inv/10 max_mark_age=150 observed_stale=0",-1468.51,-611.75,0.6875,false
186,"max_total=400 fee_lo=10 fee_hi=250 fee_cold=default(80,clamped) vol_a_milli=1500 vol_b_den=200 vol_ref_slots=25 skew_mult=0 thin_rebate=0 impact_k=10000 liq=5x_capital max_fill=max_inv/10 max_mark_age=10 observed_stale=0",-1443.50,-2864.02,0.3159,false
187,"max_total=100 fee_lo=10 fee_hi=80 fee_cold=10 vol_a_milli=1500 vol_b_den=200 vol_ref_slots=25 skew_mult=0 thin_rebate=0 impact_k=10000 liq=5x_capital max_fill=max_inv/10 max_mark_age=10 observed_stale=0",-1468.51,-1614.26,0.6093,false
188,"max_total=400 fee_lo=10 fee_hi=250 fee_cold=default(80,clamped) vol_a_milli=1500 vol_b_den=200 vol_ref_slots=25 skew_mult=0 thin_rebate=0 impact_k=10000 liq=5x_capital max_fill=max_inv/40 max_mark_age=150 observed_stale=0",-1901.41,-3624.71,0.3802,false
189,"max_total=100 fee_lo=10 fee_hi=80 fee_cold=10 vol_a_milli=1500 vol_b_den=200 vol_ref_slots=25 skew_mult=0 thin_rebate=0 impact_k=10000 liq=5x_capital max_fill=max_inv/40 max_mark_age=150 observed_stale=0",-1468.51,-611.75,0.7320,false
190,"max_total=400 fee_lo=10 fee_hi=250 fee_cold=default(80,clamped) vol_a_milli=1500 vol_b_den=200 vol_ref_slots=25 skew_mult=0 thin_rebate=0 impact_k=10000 liq=5x_capital max_fill=max_inv/40 max_mark_age=10 observed_stale=0",-1274.77,-2336.88,0.3364,false
191,"max_total=100 fee_lo=10 fee_hi=80 fee_cold=10 vol_a_milli=1500 vol_b_den=200 vol_ref_slots=25 skew_mult=0 thin_rebate=0 impact_k=10000 liq=5x_capital max_fill=max_inv/40 max_mark_age=10 observed_stale=0",-1468.51,-1614.26,0.6488,false
192,"max_total=400 fee_lo=10 fee_hi=250 fee_cold=default(80,clamped) vol_a_milli=1500 vol_b_den=200 vol_ref_slots=25 skew_mult=100 thin_rebate=50 impact_k=10000 liq=5x_capital max_fill=max_inv/4 max_mark_age=150 observed_stale=0",-1910.41,-3384.79,0.3466,false
193,"max_total=100 fee_lo=10 fee_hi=80 fee_cold=10 vol_a_milli=1500 vol_b_den=200 vol_ref_slots=25 skew_mult=100 thin_rebate=50 impact_k=10000 liq=5x_capital max_fill=max_inv/4 max_mark_age=150 observed_stale=0",-813.55,-544.32,0.6675,false
194,"max_total=400 fee_lo=10 fee_hi=250 fee_cold=default(80,clamped) vol_a_milli=1500 vol_b_den=200 vol_ref_slots=25 skew_mult=100 thin_rebate=50 impact_k=10000 liq=5x_capital max_fill=max_inv/4 max_mark_age=10 observed_stale=0",-1019.30,-2317.50,0.3096,false
195,"max_total=100 fee_lo=10 fee_hi=80 fee_cold=10 vol_a_milli=1500 vol_b_den=200 vol_ref_slots=25 skew_mult=100 thin_rebate=50 impact_k=10000 liq=5x_capital max_fill=max_inv/4 max_mark_age=10 observed_stale=0",-813.55,-887.50,0.5955,false
196,"max_total=400 fee_lo=10 fee_hi=250 fee_cold=default(80,clamped) vol_a_milli=1500 vol_b_den=200 vol_ref_slots=25 skew_mult=100 thin_rebate=50 impact_k=10000 liq=5x_capital max_fill=max_inv/10 max_mark_age=150 observed_stale=0",-1910.41,-3384.79,0.3471,false
197,"max_total=100 fee_lo=10 fee_hi=80 fee_cold=10 vol_a_milli=1500 vol_b_den=200 vol_ref_slots=25 skew_mult=100 thin_rebate=50 impact_k=10000 liq=5x_capital max_fill=max_inv/10 max_mark_age=150 observed_stale=0",-813.55,-544.32,0.6686,false
198,"max_total=400 fee_lo=10 fee_hi=250 fee_cold=default(80,clamped) vol_a_milli=1500 vol_b_den=200 vol_ref_slots=25 skew_mult=100 thin_rebate=50 impact_k=10000 liq=5x_capital max_fill=max_inv/10 max_mark_age=10 observed_stale=0",-1019.30,-2317.50,0.3101,false
199,"max_total=100 fee_lo=10 fee_hi=80 fee_cold=10 vol_a_milli=1500 vol_b_den=200 vol_ref_slots=25 skew_mult=100 thin_rebate=50 impact_k=10000 liq=5x_capital max_fill=max_inv/10 max_mark_age=10 observed_stale=0",-813.55,-887.50,0.5965,false
200,"max_total=400 fee_lo=10 fee_hi=250 fee_cold=default(80,clamped) vol_a_milli=1500 vol_b_den=200 vol_ref_slots=25 skew_mult=100 thin_rebate=50 impact_k=10000 liq=5x_capital max_fill=max_inv/40 max_mark_age=150 observed_stale=0",-1439.11,-2601.92,0.3696,false
201,"max_total=100 fee_lo=10 fee_hi=80 fee_cold=10 vol_a_milli=1500 vol_b_den=200 vol_ref_slots=25 skew_mult=100 thin_rebate=50 impact_k=10000 liq=5x_capital max_fill=max_inv/40 max_mark_age=150 observed_stale=0",-813.55,-544.32,0.7119,false
202,"max_total=400 fee_lo=10 fee_hi=250 fee_cold=default(80,clamped) vol_a_milli=1500 vol_b_den=200 vol_ref_slots=25 skew_mult=100 thin_rebate=50 impact_k=10000 liq=5x_capital max_fill=max_inv/40 max_mark_age=10 observed_stale=0",-769.32,-1803.19,0.3302,false
203,"max_total=100 fee_lo=10 fee_hi=80 fee_cold=10 vol_a_milli=1500 vol_b_den=200 vol_ref_slots=25 skew_mult=100 thin_rebate=50 impact_k=10000 liq=5x_capital max_fill=max_inv/40 max_mark_age=10 observed_stale=0",-813.55,-887.50,0.6352,false
204,"max_total=400 fee_lo=10 fee_hi=250 fee_cold=default(80,clamped) vol_a_milli=1500 vol_b_den=200 vol_ref_slots=25 skew_mult=300 thin_rebate=150 impact_k=10000 liq=5x_capital max_fill=max_inv/4 max_mark_age=150 observed_stale=0",-1790.32,-3141.04,0.3387,false
205,"max_total=100 fee_lo=10 fee_hi=80 fee_cold=10 vol_a_milli=1500 vol_b_den=200 vol_ref_slots=25 skew_mult=300 thin_rebate=150 impact_k=10000 liq=5x_capital max_fill=max_inv/4 max_mark_age=150 observed_stale=0",-470.38,-582.35,0.6528,false
206,"max_total=400 fee_lo=10 fee_hi=250 fee_cold=default(80,clamped) vol_a_milli=1500 vol_b_den=200 vol_ref_slots=25 skew_mult=300 thin_rebate=150 impact_k=10000 liq=5x_capital max_fill=max_inv/4 max_mark_age=10 observed_stale=0",-1014.23,-2214.08,0.3043,false
207,"max_total=100 fee_lo=10 fee_hi=80 fee_cold=10 vol_a_milli=1500 vol_b_den=200 vol_ref_slots=25 skew_mult=300 thin_rebate=150 impact_k=10000 liq=5x_capital max_fill=max_inv/4 max_mark_age=10 observed_stale=0",-470.38,-608.36,0.5860,false
208,"max_total=400 fee_lo=10 fee_hi=250 fee_cold=default(80,clamped) vol_a_milli=1500 vol_b_den=200 vol_ref_slots=25 skew_mult=300 thin_rebate=150 impact_k=10000 liq=5x_capital max_fill=max_inv/10 max_mark_age=150 observed_stale=0",-1790.32,-3141.04,0.3392,false
209,"max_total=100 fee_lo=10 fee_hi=80 fee_cold=10 vol_a_milli=1500 vol_b_den=200 vol_ref_slots=25 skew_mult=300 thin_rebate=150 impact_k=10000 liq=5x_capital max_fill=max_inv/10 max_mark_age=150 observed_stale=0",-470.38,-582.35,0.6538,false
210,"max_total=400 fee_lo=10 fee_hi=250 fee_cold=default(80,clamped) vol_a_milli=1500 vol_b_den=200 vol_ref_slots=25 skew_mult=300 thin_rebate=150 impact_k=10000 liq=5x_capital max_fill=max_inv/10 max_mark_age=10 observed_stale=0",-1014.23,-2214.08,0.3048,false
211,"max_total=100 fee_lo=10 fee_hi=80 fee_cold=10 vol_a_milli=1500 vol_b_den=200 vol_ref_slots=25 skew_mult=300 thin_rebate=150 impact_k=10000 liq=5x_capital max_fill=max_inv/10 max_mark_age=10 observed_stale=0",-470.38,-608.36,0.5870,false
212,"max_total=400 fee_lo=10 fee_hi=250 fee_cold=default(80,clamped) vol_a_milli=1500 vol_b_den=200 vol_ref_slots=25 skew_mult=300 thin_rebate=150 impact_k=10000 liq=5x_capital max_fill=max_inv/40 max_mark_age=150 observed_stale=0",-1338.46,-2390.96,0.3612,false
213,"max_total=100 fee_lo=10 fee_hi=80 fee_cold=10 vol_a_milli=1500 vol_b_den=200 vol_ref_slots=25 skew_mult=300 thin_rebate=150 impact_k=10000 liq=5x_capital max_fill=max_inv/40 max_mark_age=150 observed_stale=0",-470.38,-582.35,0.6962,false
214,"max_total=400 fee_lo=10 fee_hi=250 fee_cold=default(80,clamped) vol_a_milli=1500 vol_b_den=200 vol_ref_slots=25 skew_mult=300 thin_rebate=150 impact_k=10000 liq=5x_capital max_fill=max_inv/40 max_mark_age=10 observed_stale=0",-762.29,-1710.09,0.3245,false
215,"max_total=100 fee_lo=10 fee_hi=80 fee_cold=10 vol_a_milli=1500 vol_b_den=200 vol_ref_slots=25 skew_mult=300 thin_rebate=150 impact_k=10000 liq=5x_capital max_fill=max_inv/40 max_mark_age=10 observed_stale=0",-470.38,-608.36,0.6250,false
216,"max_total=400 fee_lo=10 fee_hi=250 fee_cold=default(80,clamped) vol_a_milli=1500 vol_b_den=200 vol_ref_slots=25 skew_mult=0 thin_rebate=0 impact_k=10000 liq=10x_capital max_fill=max_inv/4 max_mark_age=150 observed_stale=0",-3747.73,-7509.14,0.5962,false
217,"max_total=100 fee_lo=10 fee_hi=80 fee_cold=10 vol_a_milli=1500 vol_b_den=200 vol_ref_slots=25 skew_mult=0 thin_rebate=0 impact_k=10000 liq=10x_capital max_fill=max_inv/4 max_mark_age=150 observed_stale=0",-2272.11,-119.32,0.8570,false
218,"max_total=400 fee_lo=10 fee_hi=250 fee_cold=default(80,clamped) vol_a_milli=1500 vol_b_den=200 vol_ref_slots=25 skew_mult=0 thin_rebate=0 impact_k=10000 liq=10x_capital max_fill=max_inv/4 max_mark_age=10 observed_stale=0",-2514.08,-5446.14,0.5241,false
219,"max_total=100 fee_lo=10 fee_hi=80 fee_cold=10 vol_a_milli=1500 vol_b_den=200 vol_ref_slots=25 skew_mult=0 thin_rebate=0 impact_k=10000 liq=10x_capital max_fill=max_inv/4 max_mark_age=10 observed_stale=0",-2272.11,-2516.55,0.7597,false
220,"max_total=400 fee_lo=10 fee_hi=250 fee_cold=default(80,clamped) vol_a_milli=1500 vol_b_den=200 vol_ref_slots=25 skew_mult=0 thin_rebate=0 impact_k=10000 liq=10x_capital max_fill=max_inv/10 max_mark_age=150 observed_stale=0",-3747.73,-7509.14,0.5972,false
221,"max_total=100 fee_lo=10 fee_hi=80 fee_cold=10 vol_a_milli=1500 vol_b_den=200 vol_ref_slots=25 skew_mult=0 thin_rebate=0 impact_k=10000 liq=10x_capital max_fill=max_inv/10 max_mark_age=150 observed_stale=0",-2272.11,-119.32,0.8584,false
222,"max_total=400 fee_lo=10 fee_hi=250 fee_cold=default(80,clamped) vol_a_milli=1500 vol_b_den=200 vol_ref_slots=25 skew_mult=0 thin_rebate=0 impact_k=10000 liq=10x_capital max_fill=max_inv/10 max_mark_age=10 observed_stale=0",-2514.08,-5446.14,0.5249,false
223,"max_total=100 fee_lo=10 fee_hi=80 fee_cold=10 vol_a_milli=1500 vol_b_den=200 vol_ref_slots=25 skew_mult=0 thin_rebate=0 impact_k=10000 liq=10x_capital max_fill=max_inv/10 max_mark_age=10 observed_stale=0",-2272.11,-2516.55,0.7610,false
224,"max_total=400 fee_lo=10 fee_hi=250 fee_cold=default(80,clamped) vol_a_milli=1500 vol_b_den=200 vol_ref_slots=25 skew_mult=0 thin_rebate=0 impact_k=10000 liq=10x_capital max_fill=max_inv/40 max_mark_age=150 observed_stale=0",-1771.60,-3738.28,0.6359,false
225,"max_total=100 fee_lo=10 fee_hi=80 fee_cold=10 vol_a_milli=1500 vol_b_den=200 vol_ref_slots=25 skew_mult=0 thin_rebate=0 impact_k=10000 liq=10x_capital max_fill=max_inv/40 max_mark_age=150 observed_stale=0",-2272.11,-119.32,0.9141,true
226,"max_total=400 fee_lo=10 fee_hi=250 fee_cold=default(80,clamped) vol_a_milli=1500 vol_b_den=200 vol_ref_slots=25 skew_mult=0 thin_rebate=0 impact_k=10000 liq=10x_capital max_fill=max_inv/40 max_mark_age=10 observed_stale=0",-1771.60,-2916.36,0.5590,false
227,"max_total=100 fee_lo=10 fee_hi=80 fee_cold=10 vol_a_milli=1500 vol_b_den=200 vol_ref_slots=25 skew_mult=0 thin_rebate=0 impact_k=10000 liq=10x_capital max_fill=max_inv/40 max_mark_age=10 observed_stale=0",-2272.11,-2516.55,0.8103,false
228,"max_total=400 fee_lo=10 fee_hi=250 fee_cold=default(80,clamped) vol_a_milli=1500 vol_b_den=200 vol_ref_slots=25 skew_mult=100 thin_rebate=50 impact_k=10000 liq=10x_capital max_fill=max_inv/4 max_mark_age=150 observed_stale=0",-3297.25,-5919.63,0.5836,false
229,"max_total=100 fee_lo=10 fee_hi=80 fee_cold=10 vol_a_milli=1500 vol_b_den=200 vol_ref_slots=25 skew_mult=100 thin_rebate=50 impact_k=10000 liq=10x_capital max_fill=max_inv/4 max_mark_age=150 observed_stale=0",-1285.98,-651.99,0.8335,false
230,"max_total=400 fee_lo=10 fee_hi=250 fee_cold=default(80,clamped) vol_a_milli=1500 vol_b_den=200 vol_ref_slots=25 skew_mult=100 thin_rebate=50 impact_k=10000 liq=10x_capital max_fill=max_inv/4 max_mark_age=10 observed_stale=0",-1901.59,-4221.08,0.5155,false
231,"max_total=100 fee_lo=10 fee_hi=80 fee_cold=10 vol_a_milli=1500 vol_b_den=200 vol_ref_slots=25 skew_mult=100 thin_rebate=50 impact_k=10000 liq=10x_capital max_fill=max_inv/4 max_mark_age=10 observed_stale=0",-1285.98,-1453.26,0.7439,false
232,"max_total=400 fee_lo=10 fee_hi=250 fee_cold=default(80,clamped) vol_a_milli=1500 vol_b_den=200 vol_ref_slots=25 skew_mult=100 thin_rebate=50 impact_k=10000 liq=10x_capital max_fill=max_inv/10 max_mark_age=150 observed_stale=0",-3297.25,-5919.63,0.5845,false
233,"max_total=100 fee_lo=10 fee_hi=80 fee_cold=10 vol_a_milli=1500 vol_b_den=200 vol_ref_slots=25 skew_mult=100 thin_rebate=50 impact_k=10000 liq=10x_capital max_fill=max_inv/10 max_mark_age=150 observed_stale=0",-1285.98,-651.99,0.8349,false
234,"max_total=400 fee_lo=10 fee_hi=250 fee_cold=default(80,clamped) vol_a_milli=1500 vol_b_den=200 vol_ref_slots=25 skew_mult=100 thin_rebate=50 impact_k=10000 liq=10x_capital max_fill=max_inv/10 max_mark_age=10 observed_stale=0",-1901.59,-4221.08,0.5164,false
235,"max_total=100 fee_lo=10 fee_hi=80 fee_cold=10 vol_a_milli=1500 vol_b_den=200 vol_ref_slots=25 skew_mult=100 thin_rebate=50 impact_k=10000 liq=10x_capital max_fill=max_inv/10 max_mark_age=10 observed_stale=0",-1285.98,-1453.26,0.7451,false
236,"max_total=400 fee_lo=10 fee_hi=250 fee_cold=default(80,clamped) vol_a_milli=1500 vol_b_den=200 vol_ref_slots=25 skew_mult=100 thin_rebate=50 impact_k=10000 liq=10x_capital max_fill=max_inv/40 max_mark_age=150 observed_stale=0",-1126.16,-2239.34,0.6224,false
237,"max_total=100 fee_lo=10 fee_hi=80 fee_cold=10 vol_a_milli=1500 vol_b_den=200 vol_ref_slots=25 skew_mult=100 thin_rebate=50 impact_k=10000 liq=10x_capital max_fill=max_inv/40 max_mark_age=150 observed_stale=0",-1285.98,-651.99,0.8890,false
238,"max_total=400 fee_lo=10 fee_hi=250 fee_cold=default(80,clamped) vol_a_milli=1500 vol_b_den=200 vol_ref_slots=25 skew_mult=100 thin_rebate=50 impact_k=10000 liq=10x_capital max_fill=max_inv/40 max_mark_age=10 observed_stale=0",-710.48,-1737.84,0.5496,false
239,"max_total=100 fee_lo=10 fee_hi=80 fee_cold=10 vol_a_milli=1500 vol_b_den=200 vol_ref_slots=25 skew_mult=100 thin_rebate=50 impact_k=10000 liq=10x_capital max_fill=max_inv/40 max_mark_age=10 observed_stale=0",-1285.98,-1453.26,0.7934,false
240,"max_total=400 fee_lo=10 fee_hi=250 fee_cold=default(80,clamped) vol_a_milli=1500 vol_b_den=200 vol_ref_slots=25 skew_mult=300 thin_rebate=150 impact_k=10000 liq=10x_capital max_fill=max_inv/4 max_mark_age=150 observed_stale=0",-3464.93,-5968.67,0.5684,false
241,"max_total=100 fee_lo=10 fee_hi=80 fee_cold=10 vol_a_milli=1500 vol_b_den=200 vol_ref_slots=25 skew_mult=300 thin_rebate=150 impact_k=10000 liq=10x_capital max_fill=max_inv/4 max_mark_age=150 observed_stale=0",-717.86,-862.48,0.8142,false
242,"max_total=400 fee_lo=10 fee_hi=250 fee_cold=default(80,clamped) vol_a_milli=1500 vol_b_den=200 vol_ref_slots=25 skew_mult=300 thin_rebate=150 impact_k=10000 liq=10x_capital max_fill=max_inv/4 max_mark_age=10 observed_stale=0",-1862.84,-4045.63,0.5050,false
243,"max_total=100 fee_lo=10 fee_hi=80 fee_cold=10 vol_a_milli=1500 vol_b_den=200 vol_ref_slots=25 skew_mult=300 thin_rebate=150 impact_k=10000 liq=10x_capital max_fill=max_inv/4 max_mark_age=10 observed_stale=0",-717.86,-943.94,0.7314,false
244,"max_total=400 fee_lo=10 fee_hi=250 fee_cold=default(80,clamped) vol_a_milli=1500 vol_b_den=200 vol_ref_slots=25 skew_mult=300 thin_rebate=150 impact_k=10000 liq=10x_capital max_fill=max_inv/10 max_mark_age=150 observed_stale=0",-3464.93,-5968.67,0.5693,false
245,"max_total=100 fee_lo=10 fee_hi=80 fee_cold=10 vol_a_milli=1500 vol_b_den=200 vol_ref_slots=25 skew_mult=300 thin_rebate=150 impact_k=10000 liq=10x_capital max_fill=max_inv/10 max_mark_age=150 observed_stale=0",-717.86,-862.48,0.8155,false
246,"max_total=400 fee_lo=10 fee_hi=250 fee_cold=default(80,clamped) vol_a_milli=1500 vol_b_den=200 vol_ref_slots=25 skew_mult=300 thin_rebate=150 impact_k=10000 liq=10x_capital max_fill=max_inv/10 max_mark_age=10 observed_stale=0",-1862.84,-4045.63,0.5058,false
247,"max_total=100 fee_lo=10 fee_hi=80 fee_cold=10 vol_a_milli=1500 vol_b_den=200 vol_ref_slots=25 skew_mult=300 thin_rebate=150 impact_k=10000 liq=10x_capital max_fill=max_inv/10 max_mark_age=10 observed_stale=0",-717.86,-943.94,0.7326,false
248,"max_total=400 fee_lo=10 fee_hi=250 fee_cold=default(80,clamped) vol_a_milli=1500 vol_b_den=200 vol_ref_slots=25 skew_mult=300 thin_rebate=150 impact_k=10000 liq=10x_capital max_fill=max_inv/40 max_mark_age=150 observed_stale=0",-1360.81,-2402.89,0.6063,false
249,"max_total=100 fee_lo=10 fee_hi=80 fee_cold=10 vol_a_milli=1500 vol_b_den=200 vol_ref_slots=25 skew_mult=300 thin_rebate=150 impact_k=10000 liq=10x_capital max_fill=max_inv/40 max_mark_age=150 observed_stale=0",-717.86,-862.48,0.8683,false
250,"max_total=400 fee_lo=10 fee_hi=250 fee_cold=default(80,clamped) vol_a_milli=1500 vol_b_den=200 vol_ref_slots=25 skew_mult=300 thin_rebate=150 impact_k=10000 liq=10x_capital max_fill=max_inv/40 max_mark_age=10 observed_stale=0",-732.31,-1664.66,0.5386,false
251,"max_total=100 fee_lo=10 fee_hi=80 fee_cold=10 vol_a_milli=1500 vol_b_den=200 vol_ref_slots=25 skew_mult=300 thin_rebate=150 impact_k=10000 liq=10x_capital max_fill=max_inv/40 max_mark_age=10 observed_stale=0",-717.86,-943.94,0.7801,false
